asv,name,taxon,commmon_name
GGGCAATCCTGAGCCAAATCCTATTATTTTACGAAAATAAACATGAACAAAAGTTCAGCAAGCGAGAATAATAATAATAAAAAAAGGAAAGGATAGGTGCAGAGACTCAATGG,Abelmoschus esculentus,Abelmoschus esculentus,okra
GGGCAATCCTGAGCCAACTCCTTATAAAAAAAAAAGCAAAAAATAAGGGTTCAGAAAGCAAGAATAAAAGAAAAGGAAAGGTGCAGAGACTCAAAGG,Acanthocereus tetragonus,Acanthocereus tetragonus,sword pear
GGGCAATCCTGAGCCAACTCCTTATAAAAAAAAAGCAAAAAATAAGGGTTCAGAAAGCAAGAATAAAAGAAAAGGAAAGGTGCAGAGACTCAAAGG,Acanthocereus tetragonus,Acanthocereus tetragonus,sword pear
GGGCAATCCTGAGCCAAATCCTGTTTTACGAAAACCAACAAAACAATAAGGGTTCATAAAGCGAGAATAAAAAAAGGATAGGATAGGCGCAGAGACTCAATGG,Acca sellowiana,Acca sellowiana,feijoa
GGGCAATCCTGAGCCAAATCCTGTTTTTGTTTTACGAGAATAAAACAAAGCAAACAAGGGTTCAGAAAGCGAGAAAAGGGATAGGTGCAGAGACTCAACGG,Acer,"Acer rubrum, Acer saccharum","red maple, sugar maple"
GGGCAATCCTGAGCCAAATCCTGTTTTACGAGAATAAAACAAAGCAAACAAGGGTTCAGAAAGCGATAAAAGGATAGGTGCAGAGACTCAACGG,Acer saccharum,Acer saccharum,sugar maple
GGGCAATCCTGAGCCAAATCCTGTTTTACGAGAATAAAACAAAGCAAACAAGGGTTCAGAAAGCGATAAAAGGGATAGGTGCAGAGACTCAACGG,Acer saccharum,"Acer saccharum, Acer saccharum subsp. leucoderme, Acer saccharum subsp. nigrum","sugar maple, NA, NA"
GGGCAATCCTGAGCCAAATCCTTTTTTTCGAAAACAAACAAAGATTCAGAAAGCGAAAATAAAACAAGGATAGGTGCAGAGACTCAATGG,Actinidia deliciosa,Actinidia deliciosa,kiwi
GGGCAATCCTGAGCCAAATCCTATTATTTTACGAAAATAAACAAAGGTTCAGCAAGCGAGAATAATAAAAAAAGGATAGGTGCAGAGACTCAATGG,Adansonia digitata,Adansonia digitata,NA
GGGTGATCCTGAGCCAAATCTTTATTTTTAGAAAAACAAGGGTTTAGACTAGAATAAAAAGGGATAGGTGCAGAGACTCAATGG,Agave americana,Agave americana,century plant
GGGCAATCCTGAGCCAAATCCTGTTTTCCGAAAACAAACAAAGGTTCAAAAAGACAGAATAAAAAAAAAAGGATAGGTGCAGAGACTCAATGG,Aleurites moluccanus,Aleurites moluccanus,candlenut tree
GGGCAATCCTGAGCCAAATCTTTATTTTTTGAAAAACAAGGGTTTAAAAAAGAGAATAAAAAAGGATAGGTGCAGAGACTCAATGG,Allium,"Allium ampeloprasum, Allium ampeloprasum subsp. ampeloprasum, Allium ampeloprasum var. babingtonii, Allium cepa, Allium fistulosum, Allium schoenoprasum, Allium tuberosum","wild leek, NA, NA, onion, scallion, chive, garlic chive"
GGGCAATCCTGAGTCAAATCTTTATTTTTTGAAAAACAAGGGTTTAAAAAAGAGAATAAAAAAGGATAGGTGCAGAGACTCAATGG,Allium ampeloprasum,Allium ampeloprasum,wild leek
GGGCAATCCTGAGCCAAATCTTTCTTTTTTGAAAAACAAGGGTTTAAAAAAGAGAATAAAAAAGGATAGGTGCAGAGACTCAATGG,Allium cepa,Allium cepa,onion
GGGCAATCCTGAGCCAAATCTTTATTTTTTGAAAAACAAGGGTTTAAAAAAAAGAATAAAAAAGGATAGGTGCAGAGACTCAATGG,Allium fistulosum,Allium fistulosum,scallion
GGGCAATCCTGAGCCAAATCTTTATTTTTTGAAAAACAAGGTTTTAAAAAATAGAATAAAAAGGGATAGGTGCAGAGACTCAATGG,Allium sativum,Allium sativum,garlic
GGGCAATCCTGAGCCAAATCTTTATTTTTTGAAAAACGAGGTTTTAAAAAATAGAATAAAAAGGGATAGGTGCAGAGACTCAATGG,Allium sativum,Allium sativum,garlic
GGGCCATCCTGAGCCAAATCTTTATTTTTTGAAAAACGAGGTTTTAAAAAATATAATAAAAAGGGATAGGTGCAGAGACTCAATGG,Allium sativum,Allium sativum,garlic
GGGCAATCCTGAGCCAAATCTTTATTTTTTGAAAAACAAGGGTTTAAAAAGGAGAATAAAAAAGGATAGGTGCAGAGACTCAATGG,Allium schoenoprasum,Allium schoenoprasum,chive
GGGCAATCCTGAGCCAAATCCTTATTTTTTGAAAAACAAGGGTTTAAAAAAGAGAATAAAAAAGGATAGGTGCAGAGACTCAATGG,Allium tuberosum,Allium tuberosum,garlic chive
GGGCAATCCTGAGCCAAATCTTTAGTTTTTGAAAAACAAGGGTTTTAAAAACTAGAATAAAAAAGGATAGGTGCAGAGACTCAATGG,Allium tuberosum,Allium tuberosum,garlic chive
GGGCAATCCTGAGCCAAATCTTTATTTTTTGAAAAACAAGGGTTTAAAAAAGAGAATAAAAAAGGATAGGTGCGGAGACTCAATGG,Allium tuberosum,Allium tuberosum,garlic chive
GGGCAATCCTGAGCCAAATCTTTATTTTTTGAAAAACAAGGGTTTAAAAAAGAGAATAAGAAAGGATAGGTGCAGAGACTCAATGG,Allium tuberosum,Allium tuberosum,garlic chive
GGGCAATCCTGAGCCAAATCTTTATTTTTTGAAAAACAAGGGTTTAGAAAAGAGAATAAAAAAGGATAGGTGCAGAGACTCAATGG,Allium tuberosum,Allium tuberosum,garlic chive
GGGCAATCCTGAGCCGAATCTTTATTTTTTGAAAAACAAGGGTTTAAAAAAGAGAATAAAAAAGGATAGGTGCAGAGACTCAATGG,Allium tuberosum,Allium tuberosum,garlic chive
GGGCAATCCTGAGCCAAATCCTTGTTTTTTTTTGAGAAAAAAGGATAGGTGCAGAGACTCAATGG,Alocasia macrorrhizos,Alocasia macrorrhizos,giant taro
GGGCAATCCTGAGCCAAATCCTTGTTTTTTTTTTGAGAAAAAAGGATAGGTGCAGAGACTCAATGG,Alocasia macrorrhizos,Alocasia macrorrhizos,giant taro
GGGCAATCCTGAGCCAAATCTTTTTTTTTTGAAAAACTGATGAATCGGACAAGAATAAAAAAAGATAGGTGCAGAGACTCAATGG,Aloe vera,Aloe vera,aloe
GGGTAATCCTGAGCCAAATCCTTAGTTTGCTAAACCTTAGTTTTATCAAACTAGAATAAAAAAAAGGATAGGTGCAGAGACTCAATGG,Alpinia galanga,Alpinia galanga,greater galangal
GGGCAATCCTGAGCCAAATCCTTAGTTTGATAAACCTTAGTTTTATCAAACTAGAATAAAAAAAAAGGATAGGTGCAGAGACTCAATGG,Alpinia officinarum,Alpinia officinarum,lesser galangal
GGGCAATCCTGAGCCAAATCCTATTTTACGAGAACAAAAACAAACAGGGGGTCAGAACGGGAGAAAAAAAAGGATAGGTGCAGAGACTCAATGG,Anacardium occidentale,Anacardium occidentale,cashew
GGGCAATCCTGAGCCAAATCCTATTTTACGAGAACAAAAACAAACAGGGGGTCAGAACGGGAGAAAAAGGATAGGTGCAGAGACTCAATGG,Anacardium occidentale,Anacardium occidentale,cashew
GGGCAATCCTGAGCCAAATCTTTTTTGGGGGAAAACAAGGGTATAAAACTAGAATAAAAAGGGATAGGTGCAGAGACTCAATGG,Ananas comosus,"Ananas comosus, Ananas comosus var. bracteatus, Ananas comosus var. microstachys, Ananas comosus var. parguazensis","pineapple, NA, NA, NA"
GGGCAATCCTGAGCCAAATCTTTTTTTGGGGAAAACAAGGGTATAAAACTAGAATAAAAAGGGATAGGTGCAGAGACTCAATGG,Ananas comosus var. bracteatus,Ananas comosus var. bracteatus,NA
GGGCAATCCTGAGCCAAATCTTTTTGGGGAAAACAAGGGTATAAAACTAGAATAAAAAGGGATAGGTGCAGAGACTCAATGG,Ananas comosus var. microstachys,Ananas comosus var. microstachys,NA
GGGCAATCCTGAGCCAAATCTTTTTGGGGGGAAAACAAGGGTATAAAACTAGAATAAAAAGGGATAGGTGCAGAGACTCAATGG,Ananas comosus var. microstachys,Ananas comosus var. microstachys,NA
GGGCAATCCTGAGCCAAATCCTGTGTTCAGAAAACAAGGTTCAGAAAGCGAGAATCAAAAAAAGGATAGGTGCAGAGACTCAATGG,Annona,"Annona cherimola, Annona squamosa","cherimoya, sweetsop"
GGGCAATCCTGAGCCAAATCCTGTGTTCAGAAAACAAGGTTCAGAAAGCGAGAATAAAAAAAGGATAGGTGCAGAGACTCAATGG,Annona muricata,Annona muricata,soursop
GGGCAATCCTGAGCCAAATCCTGTGTTCAGAAAACAAGGTTCAGAAAGCGAGAATCAAAAAAAGGATAGGTGCAGAGACTCGACGG,Annona muricata,Annona muricata,soursop
GGGCAATCCTGAGCCAAATCCTGTGTTCAGAAAACAAGGTTCAGAAAGCGAGAATCAAAAAAGGGATAGGTGCAGAGACTCAACGG,Annona muricata,Annona muricata,soursop
GGGCAATCCTGAGCCAAATCCTATTTTTTCCAAAAACAAACAAAGGCCCAGAAGGTGAAAAAAGGATAGGTGCAGAGACTCAATGG,Anthriscus cerefolium,Anthriscus cerefolium,chervil
GGGCAATCCTGAGCCAAATCCTATTTTCCAAAAACAAACAAAGGCCCAGAAGGTGAAAAAAGGATAGGTGCAGAGACTCAATGG,Apiaceae,"Anethum foeniculum, Anethum graveolens, Angelica archangelica, Cuminum cyminum, Daucus carota, Pastinaca sativa, Petroselinum crispum","fennel, dill, angelica, cumin, wild carrot, parsnip, parsley"
GGGCAATCCTGAGCCAAATCCTATTTTACAAAAACAAACAAAGGCCCAGAAGGTGAAAAAGGGATAGGTGCAGAGACTCAATGG,Apium graveolens,Apium graveolens,celery
GGGCAATCCTGAGCCAAATCCTTGTTTTGAGAAAAAAGGATAGGTGCAGAGACTCAATGG,Araceae,"Amorphophallus konjac, Lasia spinosa, Xanthosoma sp. Barabe 107","konjac, lasia, geli-geli, NA"
GGGCAATCCTGAGCCAAATCCTTGTTTTGAGAAAAAAGGATAGGTGCAGAGACTCAACGG,Araceae,"Amorphophallus konjac, Xanthosoma helleborifolium, Xanthosoma sagittifolium","konjac, NA, tannia"
GGGTAATCCTGAGCCAAATCCCGTTTTCGGAAAGGAAATAAACATTAAGAAAGCGAGAATAAAAAAGGGATAGGTGCAGAGACTCAATGG,Arachis hypogaea,Arachis hypogaea,peanut
GGGCAATCCTGAGCCAAATCTTTTTTTTTCGAAAATAAAGAAAGATTCAGAAAGCGAAAAAAAAAAAGGATAGGTGCAGAGACTCAATGG,Arbutus unedo,Arbutus unedo,strawberry tree
GGGCAATCCTGAGCCAAATCTTTTTTTTTCGAAAATAAAGAAAGATTCAGAAAGCGAAAAAAAAAAGGATAGGTGCAGAGACTCAATGG,Arbutus unedo,Arbutus unedo,strawberry tree
GGGCAATCCTGAGCCAAATCTTTATTTTGAGAAAACAAGGGTTTATAAAACTAGAATAAAAAAAGGATAGGTGCAGAGACTCAATGG,Arecaceae,"Arenga pinnata, Bactris gasipaes, Borassus flabellifer, Chamaedorea tepejilote, Elaeis guineensis, Euterpe oleracea, Phoenix dactylifera","sugar palm, peach palm, palmyra palm, pacaya, oil palm, acai, date"
GGGCAATCCTGAGCCAAATCTTTATTTTGAGAAAACAAGGGTTTATAAAACTAGAATAAAAAAGGGATAGGTGCAGAGACTCAATGG,Arecaceae,"Cocos nucifera, Phoenix dactylifera","coconut, date"
GGGCAATCCTGAGCCAAATCCTTGTTTACGCGAACAAACCTGAGTTTAGAAAGCGAGATAAAAGGGATAGGTGCAGAGACTCAATGG,Armoracia rusticana,Armoracia rusticana,horseradish
GGGCAATCCTGAGCCAAATCACGTTTTCCGAAAACAAACAAAGGTTCAGAAAGCGAAAAGAAAAAAAAGATAGGTGCAGAGACTCGATGG,Artemisia,"Artemisia absinthium, Artemisia dracunculus, Artemisia vulgaris","wormwood, tarragon, mugwort"
GGGCAATCCTGAGCCAAATCCGTTTTCCGAAAACAAACAAAGGTTCAGAAAGCGAAAAGAAAAAAAAGATAGGTGCAGAGACTCGATGG,Artemisia vulgaris,Artemisia vulgaris,mugwort
AGGCAATCCTGAGCCAAGCCCTTGAAGGGGTGAAGGAAATACCTAATTTCTGGAACTTCTTGATCGGAAGGTGCAGAGACTCGACGG,Arthrospira platensis,Arthrospira platensis,NA
GGGTAATCCTGAGCCAAATCCGGTTTTCTGAAAACAAACAAGGGTTCAGAAAGCGATAATAAAAAAGGATAGGTGCAGAGACTCAATGG,Artocarpus,"Artocarpus altilis, Artocarpus heterophyllus, Artocarpus lacucha","breadfruit, jackfruit, monkey fruit, monkey jack, barhar, badahar, dewa, bohot"
GGGTAATCCTGAGCCAAATCCGGTTTTCTGAACCCTTGGTTGTTTTCAGAAAGCGATAATAAAAAAGGATAGGTGCAGAGACTCAATGG,Artocarpus altilis,Artocarpus altilis,breadfruit
GGGTAATCCTGAGCCAAATCCGGTTTTCTGAACCCTTGTTTGTTTTCAGAAAGCGATAATAAAAAAGGATAGGTGCAGAGACTCAATGG,Artocarpus altilis,Artocarpus altilis,breadfruit
GGGTAATCCTGAGCCAAATCCGGTTTTCTGAACCCTTGTTTGTTTTCAGAAAGCGATATATAAAAAGGATAGGTGCAGAGACTCAATGG,Artocarpus altilis,Artocarpus altilis,breadfruit
GGGTAATCCTGAGCCAAATCTGGTTTTCTGAACCCTTGTTTGTTTCAGAAAGCGATAATAAAAAAGGATAGGTGCAGAGACTCAATGG,Artocarpus altilis,Artocarpus altilis,breadfruit
GGGTAATCCTGAGCCAAATCTGGTTTTCTGAACCCTTGTTTGTTTTCAGAAAGCGATAATAAAAAAGGATAGGTGCAGAGACTCAATGG,Artocarpus altilis,Artocarpus altilis,breadfruit
GGGTAATCCTGAGCCAAATCCAGTTTTCTGAAAACAAACAAGGGTTCAGAAAGCGATAATAAAAAAGGATAGGTGCAGAGACTCAATGG,Artocarpus lacucha,Artocarpus lacucha,"monkey fruit, monkey jack, barhar, badahar, dewa, bohot"
TGGTAATCCTGAGCCAAATCCGGTTTTCTGAAAACAAACAAGGGTTCAGAAAGCGATAATAAAAAAGGATAGGTGCAGAGACTCAATGG,Artocarpus lacucha,Artocarpus lacucha,"monkey fruit, monkey jack, barhar, badahar, dewa, bohot"
GGGCAATCCTGAGCCAAATCCTGTGTTCAGAAAACAAGGTTCAAAAAGCAAGAATCAAAATAAAGGATAGGTGCAGAGACTCAATGG,Asimina triloba,Asimina triloba,pawpaw
GGGCAATCCTGAGCCAAATCCGGGTTTTCGCCAAAATAAAGAAAAGTTAAGAAAGGGAGAATAAAAAGGATAGGTGCAGAGACTCAATGG,Aspalathus linearis,Aspalathus linearis,rooibos
GGGCAATCCTGATCCGGTCCGGGTTTTCGCCCTGGGCAGAACAGTTCTCATAGGGACAATAAAAAGGATAGGTGCAGAGACTCAATGG,Aspalathus linearis,Aspalathus linearis,rooibos
GGGCAATCCTGAGCCAAATCTTTATGTTTAGAAAAACAAGGGTTTTAATTTAAAAACTAGAAGAAAAAGGGATAGGTGCAGAGACTCAATGG,Asparagus officinalis,Asparagus officinalis,asparagus
GGGCAATCCTGAGCCAAATCACGTTTTCCGAAAACAAACAAAGGTTCAGAAAGCGAAAAGAAAAAAAGATAGGTGCAGAGACTCGATGG,Asteraceae,"Anthemis arvensis, Chamaemelum nobile","NA, NA"
GGGCAATCCTGAGCCAAATCACGTTTTCCGAAAACAAACAAAGGTTCAGAAAGCGAAAATAAAAAAGGATAGGTGCAGAGACTCGATGG,Asteraceae,"Helianthus annuus, Helianthus tuberosus, Taraxacum officinale","sunflower, jerusalem artichoke, sunchoke, dandelion"
GGGCAATCCTGAGCCAACTCCTTTTGTCAAAAGCAAAAAAGAAAGATTCAGAAAGCAAGAATAAAAAAAGGATAGGTGCAGAGACTCAAAGG,Atriplex hortensis,Atriplex hortensis,orache
GGGCAATCCTGAGCCAAATCCGTGTTTTGAGAGGGGGGTTCTCGAACTAGAATACAAAGGAAAAGGATAGGTGCAGAGACTCAATGG,Avena sativa,Avena sativa,oat
GGGCAATCCTGAGCCAAATCCTGTTTTCCGAAAACAAACAAAGTTTTAGAAAGCGAGAATAAAAAAGGATAGGTGCAGAGACTCAACGG,Averrhoa,"Averrhoa bilimbi, Averrhoa carambola","bilimbi, starfruit"
GGGCAATCCTGAGCCAAATCCTTTTTTCCGAAAACAAACAAAGTTTTAGAAAGCGAGACTAAAAAAGGATAGGTGCAGAGACTCAACGG,Averrhoa carambola,Averrhoa carambola,starfruit
GGGCAATCCTGAGCCAAATCCTTTTTTACAAGAACAAACAAGGGTTCAGAAAGCGAAAAAGGGATAGGTGCAGAGACTCAATGG,Azadirachta indica,Azadirachta indica,NA
GGGCAATCCTGAGCCAAATCCGTGTTTTGAGAAAACAAGTGGTTCTCGAACTAGAATCCAAAGGAAAAGGATAGGTGCAGAGACTCAATGG,Bambusa vulgaris,Bambusa vulgaris,common bamboo
GGGCAATCCTGAGCCAACTCCTTTTTTCAAAAAAAAAAGCAAAAAATAAGGGTTCAGAAAGCAAGAAAAAAAGGAGAGGTGCAGAGACTCAAAGG,Basella alba,Basella alba,malabar spinach
GGGCAATCCTGAGCCAAATCCCGTTTTTCGAAAACAAACAAAGATTCATAAAGCGAAAAGAAAATAAAAAAAAAGGATAGGTGCAGAGACTCAATGG,Bertholletia excelsa,Bertholletia excelsa,brazil nut
GGGCAATCCTGAGCTAACTCCTTTTTTCAAAAGCAAAAAAATAAGGATTCCGAAAACAAGAATAAAAAAAAGGATAGTTGCAGAGACTCAAAGG,Beta vulgaris,Beta vulgaris,"beet, chard"
GGGCAATCCTGAGCCAACTCCTTTTTTCAAAAGAAAAAAAATAAGGATTCCGAAAACAAGAATAAAAAAAAAGGATAGGTGCAGAGACTCAAAGG,Beta vulgaris,"Beta vulgaris, Beta vulgaris subsp. vulgaris","beet, chard, beet, chard"
GGGCAATCCTGAGCCAACTCCTTTTTTTTTTCAAAAGAAAAAAAGAAGGATTCCGAAAACAAGAATAAAAAAAAAGGATAGGTGCAGAGACTCAAAGG,Beta vulgaris subsp. maritima,Beta vulgaris subsp. maritima,NA
GGGCAATCCTGAGCCAAATCCTGTTTTACAAGAATGAACAAAGATTCAGAAAGGGAGAATAAAAAAAGGATAGGTGCAGAGACTCAACGG,Bixa orellana,Bixa orellana,annato
GGGCAATCCTGAGCCAAATCCGGTTTTGCAAAAACCAAAAAAGTGGAAAAAGCAAAAAAGAGGATAGGTGCAGAGACTCAATGG,Borago officinalis,Borago officinalis,borage
GGGCAATCCTGAGCCAAATCCGGTTTTGCAAAAACCAAAAAAGTGGAAAAAGCAAAAAGAGGATAGGTGCAGAGACTCAATGG,Borago officinalis,Borago officinalis,borage
GGGCAATCCTGAGCCAAATCTTGGGTTACGCGAACAAACCAGAGTTTAGAAAGCGGGATAGGTGCAGAGACTCAATGG,Brassica,"Brassica napus, Brassica oleracea","canola, rapeseed, cabbage, broccoli, cauliflower, kale, Brussels sprouts, collard greens, savoy, kohlrabi, gai lan"
GGGCAATCCTGAGCCAAATCCTGGGTTACGCGAACAAACCAGAGTTTAGAAAGCGGGATAGGTGCAGAGACCCAATGG,Brassica napus,Brassica napus,"canola, rapeseed"
GGGCAATCATGAACCAAATCCTGGGTTACACGAACAAACCAGAGTTTAGAAAGCGGGATAGGTGCAGAGACTCAATGG,Brassica nigra,Brassica nigra,black mustard
GGGCAATCCTGAGCCAAATCCTAGGTTACGCGAACAAACCAAAGTTTAGAAAGCGGGATAGGTGCAGAGACTCAATGG,Brassica oleracea,Brassica oleracea,"cabbage, broccoli, cauliflower, kale, Brussels sprouts, collard greens, savoy, kohlrabi, gai lan"
GGGCAATCCTGAGCCAAATCCTGGGTTACGCGAACAAACCAAAGTTTAGAAAGCGGGATAGGTGCAGAGACTCAATGG,Brassica oleracea,Brassica oleracea,"cabbage, broccoli, cauliflower, kale, Brussels sprouts, collard greens, savoy, kohlrabi, gai lan"
GGGCAATCCTGAGCCAAATCCTGGGTTACGCGAACAAAACAGAGTTTAGAAAGCGGGATAGGTGCAGAGACTCAATGG,Brassica oleracea,"Brassica oleracea, Brassica oleracea var. capitata, Brassica oleracea var. gemmifera, Brassica oleracea var. gongylodes, Brassica oleracea var. italica","cabbage, broccoli, cauliflower, kale, Brussels sprouts, collard greens, savoy, kohlrabi, gai lan, NA, brussels sprout, kohlrabi, broccoli"
GGGCAATCCTGAGCCAAATCCTGTGTTACGCGAACAAACCAGAGTTTAGAAAGCGGGATAGGTGCAGAGACTCAATGG,Brassica rapa,Brassica rapa,mustards
GGGCAATCCTGAGCCAAATCCTGGGTTACGCGAACAAACCAGAGTTTAGAAAGCGGGATAGGTGCAGAGACTCAATGG,Brassicaceae,"Brassica juncea var. juncea, Brassica napus, Brassica nigra, Brassica oleracea, Brassica rapa, Brassica rapa subsp. chinensis, Brassica rapa subsp. oleifera, Brassica rapa subsp. oleifera, Brassica rapa subsp. pekinensis, Brassica rapa subsp. rapa, Eruca vesicaria, Eruca vesicaria subsp. sativa, Sinapis alba","brown mustard, canola, rapeseed, black mustard, cabbage, broccoli, cauliflower, kale, Brussels sprouts, collard greens, savoy, kohlrabi, gai lan, mustards, bok choy, canola, rapeseed, field mustard, napa cabbage, turnip, rocket, NA, white mustard"
GGGCAATCCTGAGCCAACTCCTTTAAAAAAAAGCAAAAAATAAGGGTTCAGAAAGCAAGAATAAAAAAAAAGGAAAGGTGCAGAGACTCAAAGG,Browningia candelaris,Browningia candelaris,candleholder cactus
GGGCAATCCTGAGCCAAATCCTGTTTTCCGAAAAGAAATAAAAGTTTAAAAAGTGATAATAAAAAAGGGATAGGTGCAGAGACTCAATGG,Cajanus cajan,Cajanus cajan,NA
GGGCAATCCTGAGCCAAATCCTGTTTTTCTAAAACAAACAAAGATTCCGAAAGCGAAAATAAAAAAAGGATAGGTGCAGAGACTCAATGG,Camellia sinensis,Camellia sinensis,tea
GGGCAATCCTGAGCCAAATCCGGTTTTCTGAAAACAAACAAGGATTCAGAAAGCAATAATAAAAAAGAATAGGATAGGTGCAGAGACTCAATGG,Cannabis sativa,Cannabis sativa,hemp seed
GGGTAATCCTGAGCCAAATCCTGCTTTACGCGACAAAAAAGGGTTAGAAGCGAGAAAAAAAAAGGGATAGGTGCAGAGACTCAATGG,Capparis spinosa,Capparis spinosa,caper
GGGTAATCCTGAGCCAAATCCTGCTTTACGCGAACAAAAAAGGGTTTAGAAAGCGAGAAAAAAAAAGGGATAGGTGCAGAGACTCAATGG,Capparis spinosa,"Capparis spinosa, Capparis spinosa var. herbacea, Capparis spinosa var. ovata, Capparis spinosa var. spinosa","caper, NA, NA, NA"
GGGCAATCCTGAGCCAAATCCTATTTTCTGAAAACAAATAAAGGTTCAGAAAAAAAGGATAGGTGCAGAGACTCAATGG,Capsicum,"Capsicum annuum, Capsicum baccatum, Capsicum baccatum var. baccatum, Capsicum baccatum var. pendulum, Capsicum baccatum var. praetermissum, Capsicum chinense, Capsicum frutescens, Capsicum pubescens","bell peppers, sweet/Italian peppers, serrano, cayenne, paprika, jalapeno, aji amarillo, aji limon, ciolla sella, NA, NA, NA, habanero, scotch bonnet, trinidad scorpions, bhut jolokia, carolina reaper, tabascos, indian chiles, rocoto and manzano peppers"
GGGCAATCCTGAGCCAAATCCTGTTTTACGAGAACAAACAAAACAAGAGTTCAGAAAGCGAGAAAAGGGGGATAGGTGCAGAGACTCAATGG,Carica papaya,Carica papaya,papaya
GGGCAATCCTGAGCCAACTCCTTTTTTTTTTAATAGCAAAAAATAAGGGTTCAGAAAAAGAAAAAAAGGAAAGGTGCAGAGACTCAAAGG,Carnegiea gigantea,Carnegiea gigantea,saguaro
GGGCAATCCTGAGCCAACTCCTTTTTTTTTTTAATAGCAAAAAATAAGGGTTCAGAAAAAGAAAAAAAGGAAAGGTGCAGAGACTCAAAGG,Carnegiea gigantea,Carnegiea gigantea,saguaro
GGGCAATCCTGAGCCAAATCCTATTTTTCAAAAACAAAGGCCCAGAAGGTGAAAAAGGATAGGTGCAGAGACTCAATGG,Carum carvi,Carum carvi,caraway seeds
GGGCAATCCTGAGCCAAATCCTGTTTTCTAAAAACAAATTAAGGGTTCATAAAGCGAGAATCAAAAAGGATAGGTGCAGAGACTCAATGG,Carya,"Carya hunanensis, Carya illinoinensis","NA, pecan"
GGGCAATCCTGAGCCAAATCCTCTTTTCCGAAAACAAACAAAGGTTGAGAAGGCGAAAAAGGGGATAGGTGCAGAGACTCAATGG,Centella asiatica,Centella asiatica,pennywort
GGGCAATCCTGAGCCAAATCCTGTTTTCCGAAAACCAAGAAGAGTTCAGAAAGCGCGAATAAAAAAAGGATAGGTGCAGAGACTCAATGG,Ceratonia siliqua,Ceratonia siliqua,carob bean
GGGTAATCCTGAGCCAACTCCTTTTGTCAAAAGCAAAAAATAAAGATTCAGAAAGCAACAATAAAAAAAGGATAGGTGCAGAGACTCAAAGG,Chenopodium,"Chenopodium pallidicaule, Chenopodium quinoa","canihua, quinoa"
GGGCAATCCTGAGCCAAATCCTGCTTTCGGAAAACAAACAAAAAAAGTTCAGAAAGTTAAAATCAAAAAAGGATAGGTGCAGAGACTCAATGG,Cicer arietinum,Cicer arietinum,chickpea
GGGCAATCCTGAGCCAAATCACGTTTTCCGAAAACAAACAAAGGTTCAGAAAGCGAAAATCAAAAAGGATAGGTGCAGAGACTCAATGG,Cichorium intybus,Cichorium intybus,chicory
GGGCAATCCTGAGCCAAATCCTGTTTTCAGAAAACAAGGGTTCAGAAAGCGAGAACCAAAAAAGGGATAGGTGCAGAGACTCAAAGG,Cinnamomum verum,Cinnamomum verum,ceylon cinnamon
GGGCAATCCTGAGCCAAATCCTCTTCTCTTTTCCAAGAACAAACAGGGGTTCAGAAAGCGAAAAAGGGGGATAGGTGCAGAGACTCAATGG,Citrus reticulata,Citrus reticulata,mandarin orange
GGGTAATCCAGAGCCAAATCCTCTTCTCTTTTCCAAGAACAAACAGGGGTTCAGAAAGCGAAAAAGGGGGATAGGTGCAGAGACTCAATGG,Citrus reticulata,Citrus reticulata,mandarin orange
GGGTAATCCTGAGCCAAACCCTCTTCTCTTTTCCAAGAACAAACAGGGGTTCAGAAAGCGAAAAAGGGGGATAGGTGCAGAGACTCAATGG,Citrus reticulata,Citrus reticulata,mandarin orange
GGGTAATCCTGAGCCAAATCCTCTTCTCCTTTCCAAGAACAAACAGGGGTTCAGAAAGCGAAAAAGGGGGATAGGTGCAGAGACTCAATGG,Citrus reticulata,Citrus reticulata,mandarin orange
GGGTAATCCTGAGCCAAATCCTCTTCTCTTTTCCAAGAACAAACAGGGGTTCAGAAAGCGAAGAAGGGGGATAGGTGCAGAGACTCAATGG,Citrus reticulata,Citrus reticulata,mandarin orange
GGGTAATCCTGAGCCAAATCCTCTTCTCTTTTCCAAGAACAAACAGGGGTTCTGAAAGCGAAAAAGGGGGATAGGTGCAGAGACTCAATGG,Citrus reticulata,Citrus reticulata,mandarin orange
GGGCAATCCTGAGCCAAATCCTTATTTTGAGAAAACAAGGGTTTATAAAACTAGAATAAAAAAGGATAGGTGCAGAGACTCAATGG,Cocos nucifera,Cocos nucifera,coconut
GGGCAATCCTGAGCCAAATCTTTATTTTGAGAAAACAAGGGTTTATAAAACTAGAATAAAAAGGGATAGGTGCAGAGACTCAATGG,Cocos nucifera,Cocos nucifera,coconut
GGGCAATCCTGAGCCAAATCCCGTTTTCCGAAACCAAAGGAAAGGTTCAGAAAGTGAAAAAAAGGATAGGTGCAGAGACTCAACGG,Coffea,"Coffea canephora, Coffea liberica, Coffea liberica var. dewevrei","robusta coffee, Liberian coffee, NA"
GGGCAATCCTGAGCCAAATCCCGTTTTCCGAAACCAAAGGAAAGGTTCAGAAAGTGAAAAAAGGATAGGTGCAGAGACTCAACGG,Coffea arabica,Coffea arabica,coffee
GCGCAATCATGAGCCAAATCCCGTTTTCCGAAACCAAAGGAAAGGTTCAGAAAGTGAAAAAAAGGATAGGAGCAGAGACTCAACGG,Coffea canephora,Coffea canephora,robusta coffee
GGGCAATCCTGAGCCAAATCCCGTTTTCCGAAACCAAAGGGAAAGGGTTCAGAAAGTGAAAAAAAGGGATAGGTGCAGAGACTCAACGG,Coffea canephora,Coffea canephora,robusta coffee
GGGCAATCCCGAGCCAAATCCCGTTTTCCGAAACCAAAGGAAAGGTTCAGAAAGTGAAAAAAAGGATAGGTGCAGAGACTCAACGG,Coffea liberica,Coffea liberica,Liberian coffee
GGGCAATCCTGAGCCAAATCCCGTTTTCCGAAACCAAAGGAAAGGTTCAGAAAGTGAAAAAAAAAGGATAGGTGCAGAGACTCAACGG,Coffea liberica,"Coffea liberica, Coffea liberica var. dewevrei","Liberian coffee, NA"
GGGCAATCCCGAGCCAAATCCCGTTTTCCGAAACCAAAGGAAAGGTTCAGAAAGTGAAAAAAAAAGGATAGGTGCAGAGACTCAACGG,Coffea liberica,"Coffea liberica, Coffea liberica var. liberica","Liberian coffee, NA"
GGGCAATCCTGAGCCAAATCCTTGTTTTTTTTTTTGAGAAAAAAGGATAGGTGCAGAGACTCAATGG,Colocasia,"Colocasia antiquorum, Colocasia esculenta, Colocasia esculenta var. antiquorum, Colocasia esculenta var. fontanesii","eddo, taro, NA, NA"
GGGCAATCCTGAGCCAAATCCTTGTTTTTTTTTTTGAGAAAAAAAGGATAGGTGCAGAGACTCAATGG,Colocasia antiquorum,Colocasia antiquorum,eddo
GGGCAATCCTGAGCCAAATCCTATTATTTTACGAAAATAAACAAACAAAGGTTCAGCAAGGGAGAATAAAAAAAAGGATAGGTGCAGAGACTCAATGG,Corchorus capsularis,Corchorus capsularis,white jute
GGGCAATCCTGAGCCAAATCCTATTATTTTACGAAAATAAACAAACAAAGGTTCAGCAAGGGAGAATAAAAAAAAAAGGATAGGTGCAGAGACTCAATGG,Corchorus olitorius,Corchorus olitorius,jute mallow
GGGCAATCCTGAGCCAAATCCTATTTTCCAAAAACAAACAAAGGCCCAGAAGGTGAAAAAGGGATAGGTGCAGAGACTCAATGG,Coriandrum sativum,Coriandrum sativum,"coriander, cilantro"
GGGCAATCCTGAGCCAAATCCTGTTTTCCCAAAACAAATAAAACAAATTGAAGGGTTCATAAAGCGAGAATAAAAAAGGATAGGTGCAGAGACTCAATGG,Corylus avellana,Corylus avellana,hazelnut
GGGCAATCCTGAGCCAAATCCTGTTTTCCCAAAACAAATAAAACAAATTTAAGGGTTCATAAAGCGAGAATAAAAAAGGATAGGTGCAGAGACTCAATGG,Corylus avellana,Corylus avellana,hazelnut
GGGCAATCCTGAGCCAAATCCTTCTTTCCGAAAACAAACAAATAAAAGTTCAGAAAGTTAAAATCAAAAAGGATAGGTGCAGAGACTCAATGG,Corylus avellana,Corylus avellana,hazelnut
GGGCAATCCTGAGCCAAATCCTATTTTCCAAAAACAAACAAAGGCCCAGAAGGTGAAAGAAGGTGAAAAAAGGATAGGTGCAGAGACTCAATGG,Crithmum maritimum,Crithmum maritimum,sea beans
GGGCAATCCTGAGCCAAATCTTTATTTTGAGAAAACAAAAACTAGAATAAAAAAAGGATAGGTGCAGAGACTCAATGG,Crocus sativus,Crocus sativus,saffron
GGGCAATCCTGAGCCAAATCCTGTTTTGCGGAAAAACCAAAGAAAAGTTCAGAAAGCAAGAATAAATAAAAAGGATAGGTGCAGAGACTCAATGG,Crotalaria brevidens,Crotalaria brevidens,mitoo
GGGCAATCCTGAGCCAAATCCTGTTTTGCGCAAAAACCAAAGAAAAGTTCAGAAAGCAAGAATAAATAAAAAGGATAGGTGCAGAGACTCAATGG,Crotalaria grahamiana,Crotalaria grahamiana,tum-thang
GGGCAATCCTGAGCCAAATCCTTTTTTCCGAAAAAAAAGGGTAGGTGCAGAGACTCAATGG,Cucumis melo,"Cucumis melo, Cucumis melo subsp. agrestis, Cucumis melo subsp. melo, Cucumis melo subsp. meloides","muskmelon, canteloupe, NA, NA, NA"
GGGCAATCCTGAGCCAAATCCTTTTTTCCGAAAAAAAGGGTAGGTGCAGAGACTCAATGG,Cucumis melo subsp. meloides,Cucumis melo subsp. meloides,NA
GGGCAATCCTGAGCCAAATCCTTTTTCCGAAAAAAAAAAAGGGGTAGGTGCAGAGACTCAATGG,Cucumis sativus,"Cucumis sativus, Cucumis sativus var. hardwickii, Cucumis sativus var. sativus","cucumber, NA, NA"
GGGCAATCCTGAGCCAAGCCAAATCCTTTTTCCGAAAACAAAAAGAAAAAGGGCTACGGTGCAGAGACTCAATGG,Cucurbita,"Cucurbita maxima, Cucurbita moschata, Cucurbita pepo, Cucurbita pepo subsp. fraterna, Cucurbita pepo subsp. ovifera, Cucurbita pepo subsp. pepo","winter squash, squash, pumpkin, pumpkin, summer squash, NA, NA, spaghetti squash"
GGGCAATCCTGAGCCAAATCCTTTTTCCGAAAACAAAAACAAAGGGTAGGTGCAGAGACTCAATGG,Cucurbita ficifolia,Cucurbita ficifolia,fig-leaf gourd
GGGCAATCCTGAGCCAAATCCTTTTTCCGAAAACAAAAAAAGGGTAGGTGCAGGGACTCAATGG,Cucurbita maxima subsp. andreana,Cucurbita maxima subsp. andreana,NA
GGGCAATCCTGAGCCAAATCCTTTTTCCGAAAACAAAAAAAAGGGGTAGGTGCAGAGACTCAATGG,Cucurbita moschata,Cucurbita moschata,"squash, pumpkin"
GGGCAATCCTGAGCCAAATCCTTTTTCCGAAAACAAAAAAAAGGGTAGGTGCAGAGACTCAATGG,Cucurbitaceae,"Benincasa hispida, Citrullus lanatus, Cucurbita maxima, Cucurbita pepo, Lagenaria siceraria","wax gourd, watermelon, winter squash, pumpkin, summer squash, calabash"
GGGCAATCCTGAGCCAAATCCTTTTTCCGAAAACAAAAAAAGGGTAGGTGCAGAGACTCAATGG,Cucurbitaceae,"Citrullus lanatus, Cucurbita argyrosperma subsp. argyrosperma, Cucurbita argyrosperma subsp. sororia, Cucurbita argyrosperma var. callicarpa, Cucurbita argyrosperma var. palmeri, Cucurbita argyrosperma var. stenosperma, Cucurbita ficifolia, Cucurbita maxima, Cucurbita moschata, Cucurbita pepo subsp. ovifera, Cucurbita pepo subsp. pepo, Cucurbita pepo var. ozarkana, Gurania lobata, Gurania makoyana, Gurania reticulata, Gurania sp. MAG-2009, Gurania spinulosa, Gurania tubulosa","watermelon, NA, NA, NA, NA, NA, fig-leaf gourd, winter squash, squash, pumpkin, NA, spaghetti squash, NA, NA, NA, NA, NA, NA, NA"
GGGCAATCCTGAGCCAAATCCTTAGTTTGATAAACCTTAGTTTTATCAAACTAAAAAAAAAAAAGGATAGGTGCAGAGACTCAATGG,Curcuma longa,Curcuma longa,turmeric
GGGCAATCCTGAGCCAAATCCTTAGTTTGATAAACCTTAGTTTTATCAAACTAGAAAAAAAAAAAGGATAGGTGCAGAGACTCAATGG,Curcuma longa,Curcuma longa,turmeric
GGGCAATCCTGAGCCAAATCCTTAGTTTGATAAACCTTAGTTTTATCAAACTAGAAAAAAAAAAGGATAGGTGCAGAGACTCAATGG,Curcuma longa,Curcuma longa,turmeric
GGGCAATCCTGAGCCAAATCCTTAGTTTGATAAACCTTAGTTTTATCAAACTAGAAAAAAAAAGGATAGGTGCAGAGACTCAATGG,Curcuma longa,Curcuma longa,turmeric
GGGCAATCCTGAGCCAAATCCTTAGTTTGATAAACCTTAGTTTTATCAAACTAGAATGGATAGGTGCAGAGACTCAATGG,Curcuma longa,Curcuma longa,turmeric
GGGCAATCCTGAGCCAAATCCTATTTTCCAAAAACAAAGAAAAGTTCAGAAAGCGAGAATAAAAAAAGGATAGGTGCAGAGACTCAATGG,Cyamopsis tetragonoloba,Cyamopsis tetragonoloba,guar bean
GGGCAATCCTGAGCCAAATCCCTTTTTTGAAAAAACAAGCGGTTCTCAAACTAGAACCCAAAGGAAAAGGATAGGTGCAGAGACTCAATGG,Cymbopogon citratus,Cymbopogon citratus,lemongrass
GGGCAATCCTGAGCCAAATCACGTTTTCCGAAACTAAACAAAGGTTCAGAAAGCGAAAATCAAAAAGGATAGGTGCAGAGACTCGATGG,Cynara cardunculus,"Cynara cardunculus, Cynara cardunculus var. scolymus","artichoke, NA"
GGGCAATCCTGAGCCAAATCCTGTTTTACGAGAACAAACAAGGGTTCAGAACACGAGAAAGGGGATAGGTGCAGAGACTCAATGG,Dacryodes edulis,Dacryodes edulis,"safou, butterfruit"
GGGCAATCCTGAGCCAAATCCTATTTTCCAAAAACAAACAAAGGCACAGAAGGTGAAAAAAGGATAGGTGCAGAGACTCAATGG,Daucus carota,Daucus carota,wild carrot
GGGCAATCCTGAGCCAAATCCCTTTTTTGAAAAAACAAGCGGTTTTCAAACTAGAACCCAAAGGAAAAGGATAGGTGCAGAGACTCAATGG,Digitaria exilis,Digitaria exilis,fonio
GGGCAATCCTGAGCCAAATCCCGTTTTATGAAAACAAAACAAACAGGGGTTCAGAAAATGAGAAAAGGGATAGGTGCAGAGACTCAATGG,Dimocarpus longan,Dimocarpus longan,longan
GGGCAATCCTGAGCCAAATCTTTATTTGTTTTGTTTTTTATAAACCAAAGGGTTTATAAAAAAACAAAACAAACTAGAATCAAAAATCAAAAAGGATAGGTGCAGAGACTCAATGG,Dioscorea alata,Dioscorea alata,"ube, purple yam"
GGGCAATCCTGAGCCAAATCTTTATTTGTTTTGTTTTTTATAAACCCTTTGGTTTATAAAAAAACAAAACAAACTAGAATCAAAAATCAAAAAGGATAGGTGCAGAGACTCAATGG,Dioscorea alata,Dioscorea alata,"ube, purple yam"
GGGCAATCCTGAGCCAAATCTTTATTTGTTTTGTTTTTTATAAACCAAAGGGTTTATAAAAAACAAAACAAACTAGAATAAAAAATAAAAAAGGATAGGTGCAGAGACTCAATGG,Dioscorea cayenensis subsp. rotundata,"Dioscorea cayenensis subsp. rotundata, Dioscorea rotundata","NA, white yam"
GGGCAATCCTGAGCCAAATCTTTATTTGTTTTTTTTTATAAACCCTTTAAAAAAAACAAAACAAACTAGAATCAAAAATAAAAAAGGATAGGTGCAGAGACTCAATGG,Dioscorea trifida,Dioscorea trifida,indian yam
GGGCAATCCTGAGCCAAATCCTGGGTTACGCAAACAAACCAGAGTTTAGAAAGCGGGATAGGTGCAGAGACTCAATGG,Diplotaxis tenuifolia,Diplotaxis tenuifolia,wild rocket
GGGCAATCCTGAGCCAAATCCTATTATTTTACGAAAATAAACAAAGGTTCAACAAGCGAGAATAATAAAAAAGGGATAGGTGCAGAGACTCAATGG,Durio zibethinus,Durio zibethinus,durian
GGGCAATCCTGAGCCAAATCCTGTTTTACGAGAACAAATAAGGGTTCAGAACGCGATAAAAAGGATAGGTGCAGAGACTCAATGG,Durio zibethinus,Durio zibethinus,durian
GGGTAATCCTGAGCCAAATCACGTTTTCTGAAAACAAACAAAGGTTCAGAAAGCGAAAATAAAAAAGGATAGGTGCAGAGACTCGATGG,Eclipta prostrata,Eclipta prostrata,NA
GGGCAATCCTGAGCCAAATCATTTTTTTTTAATATCTAGATAGAAAAAATATTTATATAGATATAGATATCTATATAATCTATTAAAAAAAAATATAGATAGATATATAATTATCTATACTATAATAAAAAGGATAGGTGCAGAGACTCGATGG,Eleocharis dulcis,Eleocharis dulcis,water chestnut
GGGCAATCCTGAGCCAAATCATTTTTTTTTTCTATCTAGATAGAAAAAATATTTATATAGATATAGATATCTATATAATCTATTAAAAAAAAATATAGATAGATATATAATTATCTATACTATAATAAAAAGGATAGGTGCAGAGACTCGATGG,Eleocharis dulcis,Eleocharis dulcis,water chestnut
GGGCAATCCTGAGCCAAATCCTTAGTTTGATAAACCTTAGTTTTATCAAACTAGAATAAAAAAAAGGATAGGTGCAGAGACTCAATGG,Elettaria cardamomum,Elettaria cardamomum,green cardamom
GGGCAATCCTGAGCCAAATCCCTTTTTTTCATTTTAAAAACAAGTGGTTCTCAAACTAGAACCCAAAGGAAAAGGATAGGTGCAGAGACTCAATGG,Eleusine coracana,"Eleusine coracana, Eleusine coracana subsp. africana, Eleusine coracana subsp. coracana","finger millet, NA, NA"
GGGCAATCCTGAGCCAAATCCCTTTTTTGAAAAAACAAGTGGTTCTCAAACTAGAACCCAAATGAAAAGGATAGGTGCAGAGACTCAATGG,Eragrostis tef,Eragrostis tef,teff
GGGCAATCCTGAGCCAAATCCTAGTTTACGCGAACAAACCAGAGTTTAGAAAGCGAGAAAAAAGGGATAGGTGCAGAGACTCAATGG,Eutrema japonicum,Eutrema japonicum,NA
GGGCAATCCTGAGCCAAATCCTGTTTTCCGAAAACAAAGAAAAGTTCATAAAGTGATAATAAAAAAGGGATAGGTGCAGAGACTCAATGG,Fabaceae,"Cyamopsis tetragonoloba, Glycine max","guar bean, soybean"
GGGCAATCCTGAGCCAAATCCTGTTTTCTGAAAACAAAGAAAAATTCAGAAAGTTATAATAAAAAAGGGATAGGTGCAGAGACTCTATGG,Fabaceae,"Lablab purpureus, Vigna aconitifolia, Vigna angularis, Vigna mungo, Vigna umbellata","hyacinth bean, NA, adzuki bean, NA, NA"
GGGTAATCCTGAGCCAACTCCTGCTTTCCAAAAGAAAGAATAAATACAGGATAGGTGCAGAGACTCAATGG,Fagopyrum esculentum,Fagopyrum esculentum,buckwheat
GGGTAATCCTGAGCCAACTCCTGTTTTCCAAAAGAAAGAATAAATACAGGATAGGTGCAGAGACTCAATGG,Fagopyrum esculentum,"Fagopyrum esculentum, Fagopyrum esculentum subsp. ancestrale","buckwheat, NA"
GGGCAATCCTGAGCCAAATCCGTGTTTTGAGAAAACAAGGAGGTTCTCGAACTAGAATACAAAGGAAAAGGATAGGTGCAGAGACTCAATGG,Festuca rubra subsp. rubra,Festuca rubra subsp. rubra,NA
GGGCAATCCTGAGCCAAATCCGGTTTTCTGAAAACAAACAAGGGTTCAGAAGGCGATAATAAAAAAGGATAGGTGCAGAGACTCAATGG,Ficus,"Ficus carica, Ficus racemosa","fig, cluster fig"
GAGAAATCCTGAGCCAAATCCGGTTTTCTGAAAACAAACAAGGGTTCAGAAGGCGATAATAAAAAAGGATAGGTGCAGAGACTCAATGG,Ficus carica,Ficus carica,fig
GGGAAAACCTGAGCCAAATCCGGTTTTCTGAAAACAAACAAGGGTTCAGAAGGCGATAATAAAAAAGGATAGGTGCAGAGACTCAATGG,Ficus carica,Ficus carica,fig
GGGAAATCCTGAGCCAAATCCGGTTTTCTGAAAACAAACAAGGGTTCAGAAGGCGATAATAAAAAAGGATAGGTGCAGAGACTCAATGG,Ficus carica,Ficus carica,fig
GGGCAATCCTGAGCCAAATCCGGTTTTCTGAAAACAAACAAGGGTTCAGAAGGCGATAATAACAAAGGATAGGTGCAGAGACTCAATGG,Ficus carica,Ficus carica,fig
GGGCAATCCTGAGCCAAATCCGGTTTTCTGAAAAGAAACAAGGGTTCAGAAGGCGATAATAAAAAAGGATAGGTGCAGAGACTCAATGG,Ficus carica,Ficus carica,fig
GGGTAATCCTGAGCCAAATCCGGTTTTCTGAAAACAAACAAGGGTTCAGAAGGCGATAATAAAAAAGGATAGGTGCAGAGACTCAATGG,Ficus carica,Ficus carica,fig
GGTCAATCCTGAGCCAAATCCGGTTTTCTGAAAACAAACAAGGGTTCAGAAGGCGATAATAAAAAAGGATAGGTGCAGAGACTCAATGG,Ficus carica,Ficus carica,fig
TTTCAATCCTGAGCCAAATCCGGTTTTCTGAAAACAAACAAGGGTTCAGAAGGCGATAATAAAAAAGGATAGGTGCAGAGACTCAATGG,Ficus carica,Ficus carica,fig
GGGCAATCCTGAGCCAAATCCCGTTTTATGAAAACAAACAAGGGTTTCAGAAAGCGAGACTAAATAAAGGATAGGTGCAGAGACTCAATGG,Fragaria viridis,Fragaria viridis,NA
GGGCAATCCTGAGCCAAATCCTGTTTTTGTTTTCCGAAAAAAAAAAAAAAGATTGATAAAGAAAAAACATAAAAAAAGAAAGAAAAAAAAGGATAGGTGCAGAGACTCAATGG,Garcinia oblongifolia,Garcinia oblongifolia,south china mangosteen
GGGCAATCCTGAGCCAAATCCCGTTTTCCGAAAGCAAAGAAAAGTTAAGAAAGCGAGAATAAATAAAAAAAAGGATAGGTGCAGAGACTCAATGG,Geoffroea decorticans,Geoffroea decorticans,chanar
GGGCAATCCTGAGCCAAATCGCGTTTTCCGAAAACAAACAAAGGTTCAGAAAGCGAAAAGAAAAAAAAGATAGGTGCAGAGACTCGATGG,Glebionis coronaria,Glebionis coronaria,crown daisy
GGGCAATCCTGAGCCAAATCCTGCTTTCCGAAAACAAAGAAAAGTTCAGAAAGCGAGAATAAAAAAAGGATAGGTGCAGAGACTCAATGG,Glycyrrhiza,"Glycyrrhiza glabra, Glycyrrhiza glabra x Glycyrrrhiza uralensis","licorice, NA"
AGGTAATCCTGAGCCAAATCCAAATTGAAGAGATAGTAACTAGTCTCTTTTCTTAAAATAAAAAAAGGGCGGGGTAGGCGCAGAGACTCGATGG,Gnetum africanum,Gnetum africanum,eru
GGGCAATCCTGAGCCAAATCCTGGTTTACGCGAACAAACAAGAGTTTAGAAAGCGAGAAAAAAGGGATAGGTGCAGAGACTCAATGG,Gynandropsis gynandra,Gynandropsis gynandra,NA
GGGCAATCCTGAGCCAAATCCGTGTTTTGAGAAGGGATTCTCGAACTAGAATACAAAGGAAAAGGATAGGTGCAGAGACTCAATGG,Hordeum vulgare,"Hordeum vulgare, Hordeum vulgare subsp. spontaneum, Hordeum vulgare subsp. vulgare, Hordeum vulgare var. distichon","barley, NA, NA, NA"
GGCAATTCCTGAGCCAAATCCTATTTTTCATAAAAAAAAAAGAGTTCAGAAAGCGAAAATCAAATCAAAAAAAGGGATAGGTGCAGACACTTAATGG,Houttuynia cordata,Houttuynia cordata,fish mint
GGGCAATCCTGAGCCAAATCCTATTTTCATAAAAAAAAAAAGAGTTCAGAAAGCGAAAATCAAATCAAAAAAAGGATAGGTGCAGAGACTCAATGG,Houttuynia cordata,Houttuynia cordata,fish mint
GGGCAATCCTGAGCCAAATCCGGTTTTCTGAAAACAAACAAGGATTCAGAAAGCAATAATAAAGGGGATAGGTGCAGAGACTCAATGG,Humulus lupulus,Humulus lupulus,hops
GGGCAATCCTGAGCCAAATCCTATTTTCCGAAAACAAAGCGAAAATCAAAAGGATAGGTGCAGAGACTCAACGG,Ilex paraguariensis,Ilex paraguariensis,yerba mate
GGGCAATCCTGAGCCAAATCCTTGTTTTCTGAAAACAAGTATTTCTAAGTTTAGAATAGAAAGTGAGAATCAAAAATAAGGATAGGTGCAGAGACTCAATGG,Illicium verum,Illicium verum,star anise
GGGCAATCCTGAGCCAAATCCTGTTTTCCAAAAACCAAGAAGAGTTCAGAAAGGGAGAATAAAATAAAAAAAAAAGGATAGGTGCAGAGACTCAACGG,Inga vera,Inga vera,"ice-cream-bean, joaquiniquil"
GGGCAATCCTGAGCCAAATCCTGTTTTCCGAAAACCAAGAAGAGTTCAGAAAGGGAGAATAAAATAAAAAAAAAAAGGATAGGTGCAGAGACTCAACGG,Inga vera,Inga vera,"ice-cream-bean, joaquiniquil"
GGGCAATCCTGAGCCAAATCCTGTTTTCCGAAAACAAACAAAAGTTCAGAAAAAAAGGATAGGTGCAGAGACTCAATGG,Ipomoea,"Ipomoea aquatica, Ipomoea batatas","water spinach, swamp morning glory, sweet potato"
GGGCAATCCTGAGCCAAATCCTGTTTTCTAAAAACAAATAAGGGTTCATAAAGCGAGAATCAAAAAGGATAGGTGCAGAGACTCAATGG,Juglans,"Juglans major x Juglans regia, Juglans nigra, Juglans regia","NA, black walnut, walnut"
GGGCAATCCTGAGCCAAATCCTTAGTTTGATAAAACTAAGGTTTATCAAACTAGAATAAAAAAAAAAGGATAGGTGCAGAGACTCAATGG,Kaempferia galanga,Kaempferia galanga,black galangal
GGGCAATCCTGAGCCAAATCACGTTTTCCGAAAACAAACAACGGTTCAGAAAGCGAAAATCAAAAAGGATAGGTGCAGAGACTCGATGG,Lactuca sativa,Lactuca sativa,lettuce
GGGCAATCCTGAGCCAAATCCTGTTTTCTCAAAACAAAGGTTCAAAAAACGAAAAAAAAAAGGATAGGTGCAGAGACTCAATGG,Lamiaceae,"Agastache rugosa, Ocimum gratissimum, Salvia rosmarinus","NA, NA, rosemary"
GGGCAATCCTGAGCCAAATCCTGTTTTCTCAAAACAAAGGTTCAAAAAACGAAAAAAAAAGGATAGGTGCAGAGACTCAATGG,Lamiaceae,"Melissa officinalis, Salvia rosmarinus","lemon balm, rosemary"
GGGCAATCCTGAGCCAAATCCTGTTTTCTCAAAACAAAAGTTCAAAAAACGAAAAAAAAAAAAAGGATAGGTGCAGAGACTCAATGG,Lamiaceae,"Nepeta cataria, Ocimum basilicum, Ocimum tenuiflorum, Ocimum x africanum","NA, basil, NA, NA"
GGGCAATCCTGAGCCAAATCCTGTTTTCTCAAAACAAAGGATAGGTGCAGAGACTCAATGG,Lamiaceae,"Origanum vulgare, Origanum vulgare subsp. vulgare, Thymus vulgaris","oregano, NA, thyme"
GGGCAATCCTGAGCCAAATCCTGTTTTCAGAAAACAAGGGTTCAGAAAGCGAGAACCAAAAAAAGGATAGGTGCAGAGACTCAAAGG,Lauraceae,"Cinnamomum aromaticum, Cinnamomum verum, Laurus nobilis, Persea americana, Persea americana var. costaricensis, Persea americana var. guatemalensis","NA, ceylon cinnamon, bay leaf, avocado, NA, NA"
GGGCAATCCTGAGCCAAATCCTTCTTTCCGAAAACAAATCAAAGTTCAGAAAGTGAAAATCAAAAAAGGATAGGTGCAGAGACTCAATGG,Lens culinaris,Lens culinaris,lentil
GGGCAATCCTGAGCCAAATCCTGGTTTACGCGAACAAACCGGAGTTTAGAAAACGAGAAAAAAGGGATAGGTGCAGAGACTCAATGG,Lepidium meyenii,Lepidium meyenii,maca root
GGGTAATCCTGAGCCAAATCCTCTTCTCTTTTCCAAGAACAAACAGGGGTTCAGAAAGCGAAAAGGGGGGATAGGTGCAGAGACTCAATGG,Limonia acidissima,Limonia acidissima,"wood apple, elephant apple"
GGGCAATCCTGAGCCAAATCCTGTTTTCCGAAAACAAAAAAGATTCATAAAGACAGACTAAAACAGGATAGGTGCAGAGACTCGATGG,Linum usitatissimum,Linum usitatissimum,flaxseed
GGGCAATCCTGAGCCAAATCCTTTTTCCGAAAACAAAAAAAAGGGGGTAGGTGCAGAGACTCAATGG,Luffa acutangula,"Luffa acutangula, Luffa acutangula var. amara, Luffa acutangula var. forskalii","chinese okra, NA, NA"
GGGCAATCCTGAGCCAAATCCCGTTTTTTCGAAAAAACAAAGAAAAGTTCAGAAAGCGAAAATAAAAAGGATAGGTGCAGAGACTCAATGG,Lupinus albus,"Lupinus albus, Lupinus albus subsp. graecus","lupini beans, NA"
GGGCAATCCTGAGCCAAATCCCGTTTTTTCGCAAAAACAAAGAAAAGTTCAGAAAGCGAAAATAAAAAGGATAGGTGCAGAGACTCAATGG,Lupinus mutabilis,Lupinus mutabilis,lupini beans
GGGCAATCCTGAGCCAAATCCTGTTTTCTGAAAACAAATAAAGGTTCAGAAAAAAAGGATAGGTGCAGAGACTCAATGG,Lycium barbarum,Lycium barbarum,goji berry
GGGCAATCCTGAGCCAAATCCCGTTTTCTGAAAACAAACAAAGGTTCAAAAAAAAAGGATAGGTGCAGAGACTCAATGG,Lycium chinense,Lycium chinense,goji berry
GGGCAATCCTGAGCCAAATCCTATTTTCAGAAAACAAAGAGGGGTTCAGAAAGCAAGAAAACGGGATAGGTGCAGAGACTCAATGG,Macadamia integrifolia,Macadamia integrifolia,macadamia
GGGCAATCCTGAGCCAAATCCGGTTTTCTGAAAACAAACAAGGGTTCAGAAGGCAATAATAAAAAAGGATAGGTGCAGAGACTCAATGG,Maclura pomifera,Maclura pomifera,osage orange
GGGCAATCCTGAGCCAAATCCTATTTTACGAGAACAAAAACAAACAAGGGGTCAGAACGGGAGAAAAAAAGGATAGGTGCAGAGACTCAATGG,Mangifera indica,Mangifera indica,mango
GGGCAATCCTGAGCCAAATCCTATTTTACGAGAACAAAAACAAACAAGGGGTCAGAACGGGAGAAAAAGGATAGGTGCAGAGACTCAATGG,Mangifera indica,Mangifera indica,mango
GGGCAATCCTGAGCCAAATCCTGTTTTCCGAAAACAAACAAAGTAAAGACAGAATAAAATAAAAAAGAAAATAAAAAAAAAAAGAAAATAAAAAAAAAAAGGGGGGGGGGATAGGTGCAGAGACTCAATGG,Manihot esculenta,Manihot esculenta,cassava
GGGCAATCCTGAGCCAAATCCTGTTTTCCGAAAACAAACAAAGTAAAGACAGAATAAAATAAAAAAGAAAATAAAAAAAAAAAGAAAATAATAAAAAAAGGGGGGGGGGATAGGTGCAGAGACTCAATGG,Manihot esculenta subsp. esculenta,Manihot esculenta subsp. esculenta,NA
GGGCAATCCTGAGCCAAATCCTGTTTTCCGAAAACAAACAAAGTAAAGACAGAATAAAATAAAAAAGAAAATAAAAAAAAAAAGAAAATAATAAAAAAAGGGGGGGGGGGGATAGGTGCAGAGACTCAATGG,Manihot esculenta subsp. peruviana,Manihot esculenta subsp. peruviana,NA
GGGTAATCCTGAGCCAAATCTAGCTCCACCCGAAATGACTTTCAGGTTACGGAGTGGGATAGGTACAGAGACTCGACGG,Marsilea quadrifolia,Marsilea quadrifolia,water clover
GGGCAATCCTGAGCCAAATCCTTATTTTGAGAAAACAAAGATTTATAAAACTAGAATAAAAAAGGATAGGTGCAGAGACTCAATGG,Megaphrynium macrostachyum,Megaphrynium macrostachyum,yoruba soft cane
GGGCAATCCTGAGCCAAATCCTTATTTTGAGAAAACAAAGATTTATAAAGCTAGAATAAAAAAGGATAGGTGCAGAGACTCAATGG,Megaphrynium macrostachyum,Megaphrynium macrostachyum,yoruba soft cane
GGGCAATCCTGAGCCAAATCCTGTTTTCCCAAAACAAAGGTTTCAAAAAACGAAAAAAAGGATAGGTGCAGAGACTCAATGG,Mentha,"Mentha aquatica, Mentha aquatica var. citrata, Mentha arvensis, Mentha canadensis, Mentha japonica, Mentha requienii, Mentha sp. JSZ-2009a","NA, NA, field mint, NA, NA, NA, NA"
GGGCAATCCTGAGCCAAATCCTGTTTTCCCAAAACAAAGGTTTCAAAAAACGAAAAAAAAAGGATAGGTGCAGAGACTCAATGG,Mentha,"Mentha arvensis, Mentha gattefossei, Mentha suaveolens, Mentha x piperita","field mint, NA, NA, peppermint"
GGGCAATCCTGAGCCAAATCCTGTTTTCCCAAAACAAAGGTTTCAAAAAACGAAAAAAAAGGATAGGTGCAGAGACTCAATGG,Mentha,"Mentha canadensis, Mentha longifolia, Mentha spicata, Mentha spicata subsp. condensata, Mentha suaveolens, Mentha x piperita, Mentha x rotundifolia","NA, NA, spearmint, NA, NA, peppermint, NA"
GGGCAATCCTGAGCCAAATCCTGTTTTCTCAAAACAAAGGTTTCAAAAAACAAAAAAAAGGATAGGTGCAGAGACTCAATGG,Mentha,"Mentha cunninghamii, Mentha diemenica","NA, NA"
GGGCAATCCTGAGCCAAATCCTGTTTTCTCAAAACAAAGGTTTCAAAAAACAAAAAAAAAGGATAGGTGCAGAGACTCAATGG,Mentha australis,Mentha australis,NA
GGGCAATCCTGAGCCAAATCCTGTTTTCCCAAAACAAAGGTTTCAAAAAACGAAAAAAAAAAAAAGGATAGGTGCAGAGACTCAATGG,Mentha cervina,Mentha cervina,NA
GGGCAATCCTGAGCCAAATCCTGTTTTCCCAAAACAAAGGTTTCAAAAAACGAAAAAAAAAAAAGGATAGGTGCAGAGACTCAATGG,Mentha cervina,Mentha cervina,NA
GGGCAATCCTGAGCCAAATCCTGTTTTCCCAAAACAAAGGTTGCAAAAAACGAAAAAAAGGATAGGTGCAGAGACTCAATGG,Mentha pulegium,Mentha pulegium,NA
GGGCAATCCTGAGCCAAATCCTGTTTTCTCAAAACAAAGGTTTCAAAAAACAAAAAAAAAAGGATAGGTGCAGAGACTCAATGG,Mentha satureioides,Mentha satureioides,NA
GGGCAATCCTGAGCCAAATCCTGTTTTCTTAAAACAAAGGTTTCAAAAAACGAAAAAAAGGATAGGTGCAGAGACTCAATGG,Mentha sp. Edwards 177,Mentha sp. Edwards 177,NA
GGGCAATCCTGAGCCAAATCCTGTTTTCTCAAAACAAAGGTTTCAAAAAACGAAAAAAAAAAGGATAGGTGCAGAGACTCAATGG,Mentha sp. UASWS1889,Mentha sp. UASWS1889,NA
GGGCAATCCTGAGCCAAATCCTTTTTCCGAAAACAAAAAGGGGGGTAGGTGCAGAGACTCAATGG,Momordica charantia,Momordica charantia,bitter melon
GGGCAATCCTGAGCCAAATCCGGTTTTCTGAAAACAAACAAGGGTTCAGAAAGCGATAATACAAAAGGATAGGTGCAGAGACTCAATGG,Morus,"Morus alba, Morus cf. nigra KP-2019, Morus nigra, Morus rubra","NA, NA, mulberry, NA"
GGGTAATCCTGAGCCAAATCCTCTTTTCCAAGAACAAACAGGGGTTCAGAAAGCGAAAAAGGGGGATAGGTGCAGAGACTCAATGG,Murraya koenigii,Murraya koenigii,curry leaf
GGGCAATCCTGAGCCAAATCCTTATTTTGAGAAAACAAAGGTTTATAAAACTAGAATTTAAAAGGATAGGTGCAGAGACTCAATGG,Musa,"Musa acuminata, Musa acuminata subsp. malaccensis, Musa acuminata subsp. siamea, Musa acuminata subsp. truncata, Musa acuminata var. zebrina, Musa balbisiana, Musa balbisiana var. balbisiana","banana, NA, NA, NA, NA, banana, NA"
GGGCAATCCTGAGCCAAATCCTGTTTTCTGAAAACAAGGGTTCAGAAAGCGAGAATCAAAAAAGGATAGGTGCAGAGACTCAATGG,Myristica fragrans,Myristica fragrans,nutmeg
GGGCAATCCTGAGCCAAATCCTGTTTTCTGAAAACAAGGGTTCAGAAAGGGAGAATCAAAAAAGGATAGGTGCAGAGACTCAATGG,Myristica fragrans,Myristica fragrans,nutmeg
GGGCAATCCTGAGCCAAATCCTTGTTTACGCGAACAAACCGGAGTTTAGAAAGCGAGAAAAAAGGGATAGGTGCAGAGACTCAATGG,Nasturtium microphyllum,Nasturtium microphyllum,one-row watercress
GGGCAATCCTGAGCCAAATCCTGTTTTCAAAAAACAAACAAGGGTTCAGAAAGCGAGAATCAAAAAAGGATAGGTGCAGAGACTCAATGG,Nelumbo nucifera,"Nelumbo nucifera, Nelumbo nucifera subsp. nucifera","lotus root, NA"
GGGCAATCCTGAGCCAAATCCTGTTTTCTCAAAACAAAAGTTCAAAAAACGAAAAAAAAAAAAAAGGATAGGTGCAGAGACTCAATGG,Ocimum basilicum,Ocimum basilicum,basil
GGGCAATCCTGAGCCAAATCCTGTTTTCCCAAAACAAAGGTTCAGAAAGAAAAAAGGATAGGTGCAGAGACTCAATGG,Olea europaea,"Olea europaea, Olea europaea subsp. cuspidata, Olea europaea subsp. europaea, Olea europaea subsp. maroccana","olive, NA, NA, NA"
GGGCAATCCTGAGCCAAATCCATGTTTTGAGAAAACAAGCGGTTCTCGAACTAGAACCCAAAGGAAAAGGATAGGTGCAGAGACTCAATGG,Oryza sativa,Oryza sativa,rice
GGGCAATCCTGAGCCAAATCCATGTTTTGAGAAAACAAGCGGTTCTCGAACTAGAACCCAAAGGGAAAAGGATAGGTGCAGAGACTCAATGG,Oryza sativa,Oryza sativa,rice
GGGCAATCCTGAGCCAAATCCGTGTTTTAAGAAAACAAGCGGTTCTTGAATTAGAATCCAAAGGAAAAGGATAGGTGCAGAGACTCAATAG,Oryza sativa,Oryza sativa,rice
GGGCAATCCTGAGCCAATCCATGTTTTGAGAAAACAAGTGGTTCTCGAACTAGAACCCAAAGGAAAAGGATAGGTGCAGAGACTCAATGG,Oryza sativa,Oryza sativa,rice
AGGCAATCCTGAGCCAAATCTTGTTTTAGGAGCAGGATCCAAAAATGAGATAGGTGCAGAGACTCAATGG,Osmundastrum cinnamomeum,Osmundastrum cinnamomeum,cinnamon fern
GGGCAATCCTGAGCCAAATCCTCTTTTCCGAAAACAAACAAAGTTTTCGAAAGCGAGAATAAAAAAGGATAGGTGCAGAGACTCAACGG,Oxalis,"Oxalis pes-caprae, Oxalis tuberosa","african wood-sorrel, oca"
GGGCAATCCTGAGCCAAATCCTCTTTTCCGAAAATAAACAAAGTTTTCGAAAGCGAGAATAAAAAAGGATAGGTGCAGAGACTCAACGG,Oxalis pes-caprae,Oxalis pes-caprae,african wood-sorrel
GGGCAATCCTGAGCCAAATCCCGTTTTCCGAAAACAAAGAAAAGTTCAGAAAGTGATAATAAAATAAAAAAGGGATAGGTGCAGAGACTCAATGG,Pachyrhizus erosus,Pachyrhizus erosus,jicama
GGGCAATCCTGAGCCAAATCCTATTTTCCGAAAACAAAGGTTCAGAAAGTGAAAAAAGGGATAGGTGCAGAGACTCAATGG,Paederia foetida,Paederia foetida,stinkvine
GGGCAATCCTGAGCCAAATCCTATTTTCCGAAAACAAACAAAGGTTCAGAAGGCGAAAAAGGGATAGGTGCAGAGACTCAATGG,Panax vietnamensis,Panax vietnamensis,vietnamese ginseng
GGGCAATCCTGAGCCAAATCCCTTTTTTGAAAAAACAAGTGGTTCTCAAACTAGAACCCAAAGGAAAAGGATAGGTGCAGAGACTCAATGG,Panicum miliaceum,Panicum miliaceum,proso millet
GGGCAATCCTGAGCCAAATCCTGTTTTCAGAAAAAAATGAAGGGATTTCTGAAAGTGAGAATAAAAAAAGGATAGGTGCAGAGACTCAATGG,Papaver somniferum,Papaver somniferum,poppy
GGGCAATCCTGAGCCAAATCCTGTTTTCAGAAAAAAATTAAGGTATTTCTGAAAGCGAGAATAAAAAAAGGATAGGTGCAGAGACTCAATGG,Papaver somniferum,"Papaver somniferum, Papaver somniferum subsp. setigerum","poppy, NA"
GGGCAATCCTGAGCCAAATCCTGTTTTTCGAAAACAAAAAAACAACAAAGGTTCATAAAGACAGAATCAGAATAAATAAAGGATAGGTGCAGAGACTCAACGG,Passiflora,"Passiflora edulis, Passiflora quadrangularis","passion fruit, giant granadilla, grenadine"
GGGCAATCCTGAGCCAAATCCTGTTTTCAGAAAACAAGGGTTCAGAAAGCGAGAACCAAAAAAAGGATAGGATAGGTGCAGAGACTCAAAGG,Persea americana,"Persea americana, Persea americana var. americana, Persea americana var. americana x 'guatemalensis', Persea americana var. costaricensis, Persea americana var. drymifolia, Persea americana var. guatemalensis","avocado, NA, NA, NA, NA, NA"
GGGCAATCCTGAGCCAAATCCTGTTTTCAGAAAACAAGGGTTCAGAAAGCGAGAACAAAAAAAAGGATAGGTGCAGAGACTCAAAGG,Persea americana,"Persea americana, Persea americana var. americana, Persea americana var. drymifolia","avocado, NA, NA"
GGGCAATCCTGAGCCAAATCCCGTTTTCTGAAAAAAAGAAAAATTCAGAAAGTGATAATAAAAAAGGGATAGGTGCAGAGACTCTATGG,Phaseolus,"Phaseolus lunatus, Phaseolus vulgaris","lima bean, common bean, green bean, French bean"
GGGCAATCCTGAGCCAAATCCTGTTTTCTGAAAAAAAGAAAAATTCAGAAAGTGAGAATAAAAAAGGGATAGGTGCAGAGACTCTATGG,Phaseolus,"Phaseolus lunatus, Phaseolus vulgaris","lima bean, common bean, green bean, French bean"
GGGCAATCCTGAGCCAAATCCTGTTTTCTGAAAAAAAGAAAAATTAAGAAAGTGAGAATAAAAAAGGGATAGGTGCAGAGACTCTATGG,Phaseolus lunatus,Phaseolus lunatus,lima bean
GGGCAATCCTGACGCCAAATCTTTAATTTTTGAGAAAACAAGGGGGTTTATAAAACTAGAATAAAAAGGATAGGTGCAGAGACTCAATGG,Phoenix dactylifera,Phoenix dactylifera,date
GGGCAATCCTGAGCCAAAATCTTTATTTTGAGAAAACAAGGGTTTATAAAACCTAGAATAAAAAAAGGATAGGTGCAGAGACTCAATGG,Phoenix dactylifera,Phoenix dactylifera,date
GGGCAATCCTGAGCCAAATCTTTATTTTGAGAAAACAGGGGTTTATAAAACTAGAATAAAAAAAGGATAGGTGCAGAGACTCAATGG,Phoenix dactylifera,Phoenix dactylifera,date
GGGCAATCCTGAGCCAAATCCGGTTTTACAAAAACAAACAAAGGTTCGTATCATACAGATAGAATAAAAAAGGATAGGTGCAGAGACTCAATGG,Phyllanthus acidus,Phyllanthus acidus,sour gooseberry
GGGCAATCCTGAGCCAAATCCTGTTTTACGAAAACCAACAAAACAATAAGGGTTCATAAAGCGAGAATAAAAAAAGGATAGGATAGGTGCAGAGACTCAATGG,Pimenta dioica,Pimenta dioica,allspice
GGGCAATCCTGAGCCAAATCCTATTTTCCAAAAACAAACAAAGGCCCAGAAGGCGAAAAAAGGATAGGTGCAGAGACTCAATGG,Pimpinella anisum,Pimpinella anisum,anise seed
GGGTAATCCTGAGCCAAATCCGGTTCATGAAGACAATGTTTCTTCTCCTAAGATAGGAAGGGGATAGGTGCAGAGACTCAATGG,Pinus,"Pinus albicaulis, Pinus armandii, Pinus bungeana, Pinus cembra, Pinus gerardiana, Pinus koraiensis, Pinus monophylla, Pinus pinea, Pinus pumila, Pinus sibirica","pine nut, pine nut, pine nut, pine nut, pine nut, pine nut, pine nut, pine nut, pine nut, pine nut"
GGGCAATCCTGAGCCAAATCCTATTTTTCGGAAAACACGAGTTCAGAAAGCGAAAAAGGGATAGGTGCAGAGACTCAATGG,Piper,"Piper guineense, Piper longum, Piper nigrum, Piper sarmentosum","ashanti pepper, long pepper, black pepper, wild betel"
GGGCAATCCTGAGCCAAATCCTATTTTTCGGAAAACACGAGTACAGAAAGCGAAAAAGGGATAGGTGCAGAGACTCAATGG,Piper guineense,Piper guineense,ashanti pepper
GGGCAATCCTGAGCCAAATCCTATTTTTCGGAAAACACTAGTTCAGAAAGCGAAAAAGGGATAGGTGCAGAGACTCAATGG,Piper nigrum,Piper nigrum,black pepper
GGGCAATCCTGAGCCAAATCCTATTTTTCGGAAAACACTAGTTCAGAAAGCGGAAAAGGGATAGGGGCAGAGACTCAATGG,Piper nigrum,Piper nigrum,black pepper
GGGCAATCCTGAGCCAAATCCTATTTTATGAGAACAAAAACAAACAAGGGGTCAGAACGGGAGAAAGAGGATAGGTGCAGAGACTCAATGG,Pistacia vera,Pistacia vera,pistachio
GGGCAATCCTGAGCCAAATCCTATTTTATGAGAACAAAAACAAACAAGGGGTCAGAAGGGGAGAAAGAGGATAGGTGCAGAGACTCAATGG,Pistacia vera,Pistacia vera,pistachio
GGGCAATCCTGAGCCAAATCCTTCTTTCTGAAAACAAATAAAAGTTCAGAAAGTGAAAATCAAAAAAGGATAGGTGCAGAGACTCAATGG,Pisum sativum,"Pisum sativum, Pisum sativum subsp. elatius","pea, NA"
GGGCAATCCTGAGCCAAATCCTGTCTTTTCCAAATAAAGGTTCAGAAAGCGAGAAAAAGGGATAGGTGCAGAGACTCGATGG,Plantago afra,Plantago afra,black psyllium
GGGCAATCCTGAGCCAAATCCTGTCTTTTCAAAATAAAGGTTCAGAAAGCGAGAAAAAGGGATAGGTGCAGAGACTCGATGG,Plantago indica,Plantago indica,NA
GGGCAATCCTGACCAATCCTGTCTTCTCAAATCAAATAAAGGTCAGAAGCGAGAAAAAGGGATAGGTGCAGAGACTCGAAGG,Plantago ovata,Plantago ovata,blond psyllium
GGGCAATCCTGAGCCAAATCCTGTCTTCTCAAAATCAAAATAAAGGTTCAGAAAGCGAGAAAAAGGGATAGGTGCAGAGACTCGAAGG,Plantago ovata,Plantago ovata,blond psyllium
GGGCAATCCTGAGCCAAATCCGTGTTTTGAGAAAACAAGGGGTTCTCGAACTAGAATACAAAGGAAAAGGATAGGTGCAGAGACTCAATGG,Poaceae,"Secale cereale, Secale cereale subsp. ancestrale, Secale cereale subsp. dighoricum, Secale cereale subsp. rigidum, Secale cereale subsp. segetale, Secale cereale subsp. vavilovii, Triticum aestivum, Triticum carthlicum var. fuliginosum, Triticum dicoccoides, Triticum dicoccum, Triticum ispahanicum, Triticum macha, Triticum monococcum, Triticum monococcum subsp. aegilopoides, Triticum spelta, Triticum spelta var. duhamelianum, Triticum timopheevii, Triticum timopheevii subsp. araraticum, Triticum turgidum, Triticum turgidum subsp. durum, Triticum urartu, Triticum urartu var. nigrum","rye, NA, NA, NA, NA, NA, bread wheat, NA, NA, NA, emmer wheat, spelt, einkorn, wild einkorn, spelt, NA, domesticated hulled wheat, NA, rivet wheat, durum wheat, wild einkorn, NA"
GGGCGATCCTGAGCCAAATCCTGTTTTATTAAAACAAACAAGGGTTTCATAAACCGAGAATAAAAAAGGATAGGTGCAGAGACTCAATGG,Prunus,"Prunus armeniaca, Prunus avium, Prunus domestica, Prunus domestica subsp. insititia, Prunus dulcis, Prunus grayana, Prunus mume, Prunus persica, Prunus spinosa","apricot, sweet cherry, plum, NA, almond, japanese bird cherry, ume, Chinese plum, peach, sloe"
GGCGAATCCTGAGCCAAATCCTGTTTTATTAAAACAAACAAGGGTTTCATAAACCGAGAATAAAAAAGGATAGGTGCAGAGACTCAATGG,Prunus avium,Prunus avium,sweet cherry
GGGCGATCCTGAGACCAAATCCTGTTTTATTAAAACAAACAAGGGTTTCATAAACCGAGAATAAAAAAGGATAGGTGCAGAGACTCAATGG,Prunus avium,Prunus avium,sweet cherry
GGGCGATCCTGAGCCAAATCCTGTATTTATTAAAACAAACAAGGGTTTCATAAACCGAGAATAAAAAAGGATAGGTGCAGAGACTCAATGG,Prunus avium,Prunus avium,sweet cherry
GGGCGATCCTGAGCCAAATCCTGTATTTATTAAAACAAACAATGGTTTCATAAACCGAGAATAAAAAAGTGATAAGTGCAGAGACTCAATGG,Prunus avium,Prunus avium,sweet cherry
GGGCGATCCTGAGCCAAATCCTGTTTAATTAAAACAAACAAGGGTTTCATAAACCGAGAATAAAAAAGGATAGGTGCAGAGACTCAATGG,Prunus avium,Prunus avium,sweet cherry
GGGCGATCCTGAGCCATAATCCTGTATTTATTAAAACAAACAATGGTTTCATAAACCGAGAATAAAAAAGTGATAAGTGCAGAGACTCAATGG,Prunus avium,Prunus avium,sweet cherry
GGGCGATCCTGAGCCAAATCCTGTTTTATTAAAACAAACAAAAACCGAGACAAGGGTTTCATAAACCGAGAATAAAAAAGGATAGGTGCAGAGACTCAATGG,Prunus grayana,Prunus grayana,japanese bird cherry
GGGCGATCCTGAGCCAAATCCTGTTTTATTAAAACAAACAAGGGTTTCATAAACCGAGACAAGGGTTTCATAAACCGAGAATAAAAAAGGATAGGTGCAGAGACTCAATGG,Prunus grayana,Prunus grayana,japanese bird cherry
GGGCGATCCTGAGCCAAATCCTGTTTTATTAAACAAACAAAAACCGAGACAAGGGTTTCATAAACCGAGAATAAAAAAGGATAGGTGCAGAGACTCAATGG,Prunus grayana,Prunus grayana,japanese bird cherry
GGGCAATCCTGAGCCAAATCCTGTTTTATTAAAACAAACAAGGGTTTCATAAACCGAGAATAAAAAAGGATAGGTGCAGAGACTCAATGG,Prunus spinosa,Prunus spinosa,sloe
GGGCGATCCTGAGCCAAATCCTGTTTTATTAAACAAACAAGGGTTTCATAAACCGAGAATAAAAAAGGATAGGTGCAGAGACTCAATGG,Prunus spinosa,Prunus spinosa,sloe
GGGCAATCCTGAGCCAAATCCTGTTTTACGAAAACCAACAAAACAAATAAGGGTTCATAAAGCGCGAATAAAAAAAGGATAGGATAGGTGCAGAGACTCAATGG,Psidium guajava,Psidium guajava,common guava
GGGCAATCCTGAGCCAAATCCTGTTTTACGAAAACCAACAAAACAATAAGGGTTCATAAAGCGCGAATAAAAAAAGGATAGGATAGGTGCAGAGACTCAATGG,Psidium guajava,Psidium guajava,common guava
GGGCAATCCTGAGCCAAATCCTATTTTTTACGAAAACCAACAACAAGGGCTTAGAAAGCGAGAATAAAAAAAGGATAGGTGCAGAGACTCAACGG,Punica granatum,Punica granatum,pomegranate
GGGCAATCCTGAGCCAAATCCTATTTTTTTTACGAAAACCAACAACAAGGGTTTAGAAAGCGAGAATAAAAAAGGATAGGTGCAGAGACTCAACGG,Punica granatum,Punica granatum,pomegranate
GGGCAATCCTGAGCCAAATCCTGTTTTATGAAAAAAAACAAGGGTTTCATAAACCGAAAATAAAAAAGGATAGGTGCAGAGACTCAATGG,Pyrus communis,"Pyrus communis, Pyrus communis subsp. caucasica","european pear, NA"
GGGCAATCCTGAGCCAAATCCTATTTTACGAAAACAAATGAGGGTTCAGAAGAAAGCAAGAATAAAAAAAGGATAGGTGCAGAGACTCAATGG,Quercus robur,Quercus robur,"acorn, oak"
GGGCAATCCTGAGCCAAATCCTATTTTACGAAAACAAATAAGGGTTCAGAAGAAAGCAAGAATAAAAAAAGGATAGGCGCAGAGACTCAATGG,Quercus robur,"Quercus robur, Quercus robur subsp. pedunculiflora","acorn, oak, NA"
GGGCAATCCTGAGCCAAATCCTATTTTACGAAAACAAATAAGGGTTCAGAAGAAAGCAAGAATAAAAAAAGGATAGGTGCAGAGACTCAATGG,Quercus robur,"Quercus robur, Quercus robur subsp. pedunculiflora, Quercus robur subsp. robur","acorn, oak, NA, NA"
GGGCAATCCTGAGCCAAATCCTGAGTTACGCGAACAAACCAGAGTTTAGAAAGCGGGATAGGTGCAGAGACTCAATGG,Raphanus sativus,Raphanus sativus,radish
GGGCAATCCTGAGCCAAATCCTGGGTTACGCGAACAAACCAGAGTTTATAAAGCGGGATAGGTGCAGAGACTCAATGG,Raphanus sativus,Raphanus sativus,radish
GGGCAATCCTGAGCCAACTCCTTCTTTAAAAAAGGAAGAATAAAAAAGGATAGGTGCAGAGACTCAATGG,Rheum rhaponticum,Rheum rhaponticum,NA
GGGCAATCCTGAGCCAAATCCTGTTTTATGAAAATAAACAAGGGTTTCATAAACCGAAAATAAAAAAGGATAGGTGCAGAGACTCAATGG,Rosaceae,"Aronia melanocarpa, Malus domestica, Malus domestica subsp. chinensis, Malus sylvestris, Pyrus communis, Pyrus communis subsp. caucasica, Pyrus pashia, Pyrus pyrifolia, Pyrus ussuriensis, Pyrus x bretschneideri","black chokeberry, apple, NA, crab apple, european pear, NA, afghan pear, nashi pear, siberian pear, hybrid chinese white pear"
GGGCAATCCTGAGCCAAATCCCGTTTTATGAAAACAAACAAGGGTTTCAGAAAGCGAGAATAAATAAAGGATAGGTGCAGAGACTCAATGG,Rosaceae,"Fragaria chiloensis, Fragaria chiloensis subsp. lucida, Fragaria chiloensis subsp. pacifica, Fragaria daltoniana, Fragaria gracilis, Fragaria iinumae, Fragaria mandshurica, Fragaria moschata, Fragaria nilgerrensis, Fragaria nipponica, Fragaria nubicola, Fragaria orientalis, Fragaria pentaphylla, Fragaria sp. 301, Fragaria sp. CFRA 538, Fragaria vesca, Fragaria vesca f. alba, Fragaria vesca subsp. americana, Fragaria vesca subsp. bracteata, Fragaria vesca subsp. vesca, Fragaria virginiana, Fragaria virginiana subsp. glauca, Fragaria virginiana subsp. platypetala, Fragaria virginiana subsp. virginiana, Fragaria viridis, Fragaria x ananassa, Rosa rugosa, Rosa rugosa f. alboplena, Rubus alexeterius, Rubus amphidasys, Rubus arcticus, Rubus arcticus subsp. acaulis, Rubus assamensis, Rubus australis, Rubus bambusarum, Rubus caesius, Rubus calophyllus, Rubus calycinus, Rubus canescens, Rubus chamaemorus, Rubus chingii, Rubus clinocephalus, Rubus corchorifolius, Rubus coreanus, Rubus crataegifolius, Rubus cuneifolius, Rubus ellipticus, Rubus fockeanus, Rubus geoides, Rubus hawaiensis, Rubus henryi, Rubus hirsutus, Rubus hoffmeisterianus, Rubus hybrid, Rubus ichangensis, Rubus illecebrosus, Rubus indotibetanus, Rubus innominatus, Rubus irenaeus, Rubus lambertianus, Rubus lasiococcus, Rubus lasiostylus, Rubus lineatus, Rubus macilentus, Rubus nepalensis, Rubus nishimuranus, Rubus nivalis, Rubus niveus, Rubus odoratus, Rubus palmatus, Rubus parvifolius, Rubus pectinarioides, Rubus pectinellus, Rubus pentagonus, Rubus phoenicolasius, Rubus plicatus, Rubus pungens, Rubus rosifolius, Rubus sanctus, Rubus saxatilis, Rubus sengorensis, Rubus sp. EC-2017, Rubus sp. SC-2017, Rubus spectabilis, Rubus stellatus, Rubus swinhoei, Rubus tephrodes, Rubus thomsonii, Rubus treutleri, Rubus tricolor, Rubus trifidus, Rubus ulmifolius, Rubus ursinus, Rubus urticifolius","NA, NA, NA, NA, NA, NA, NA, NA, NA, NA, NA, NA, NA, NA, NA, NA, NA, NA, NA, NA, NA, NA, NA, NA, NA, strawberry, beach rose, NA, NA, NA, NA, NA, NA, NA, NA, european dewberry, NA, NA, NA, cloudberry, NA, NA, NA, NA, NA, NA, NA, NA, NA, NA, NA, NA, NA, NA, NA, strawberry raspberry, NA, NA, NA, NA, NA, NA, NA, NA, NA, NA, NA, NA, NA, NA, NA, NA, NA, NA, wineberry, NA, NA, NA, NA, NA, NA, NA, NA, NA, NA, NA, NA, NA, NA, NA, NA, elmleaf blackberry, NA, NA"
GGGCAATCCTGAGCCAAATCCCGTTTTATGAAAACAAACAAGGTTTCAGAAAGCGAGAATAAATAAAGGATAGGTGCAGAGACTCAATGG,Rosaceae,"Rosa canina, Rosa gallica, Rosa x centifolia, Rosa x damascena, Rubus biflorus","dog rose, common rose, cabbage rose, damask rose, NA"
GGGCAATCCTGAGCCAAATCCCGTTTTATGAAAACAAACAAGGTTTTCAGAAAGCGAGAATAAATAAAGGATAGGTGCAGAGACTCAATGG,Rubus,"Rubus crataegifolius, Rubus palmatus, Rubus takesimensis, Rubus trianthus","NA, NA, NA, NA"
GGGCAATCCTGAGCCAAATCCTGTTTTATGAAAACAAACAAGGGTTTCAGAAAGCGAGAATAAATAAAGGATAGGTGCAGAGACTCAATGG,Rubus,"Rubus idaeus, Rubus idaeus subsp. strigosus, Rubus mesogaeus","raspberry, NA, NA"
GGGCAATCCTGAGCCAAATCCCGTTTTATGAAAACAAACAAGGGTTCAGAAAGCGAGAATAAATAAAGGATAGGTGCAGAGACTCAATGG,Rubus alceifolius,Rubus alceifolius,NA
GGGCAATCCTGAGCCAAATCCCGTTTTATGAAAACAAACAAGGGTTTCAGAAAGTGAGAATAAATAAAGGATAGGTGCAGAGACTCAATGG,Rubus amabilis,Rubus amabilis,NA
GGGCAATCCTGAGCCAAATCCTGTTTTTATAAAACAAATCAAAATCAAATAAAGGGTTCAGAAAGCAAGAATAAAAAAGGATAGGTGCAGAGACTCAATGG,Rubus arcticus,Rubus arcticus,NA
GGGCAATCCTGAGCCAAATCCCGTTTTATGAAAACAAACAAGGGTTTCAGAAAGAGAGAATAAATAAAGGATAGGTGCAGAGACTCAATGG,Rubus boninensis,Rubus boninensis,NA
GCAATCCTGAGCCAAATCCCGTTTTATGAAAACAAACAAGGGTTTCAGAAAGCGAGAATAAATAAAGGATAGGTGCAGAGACTCAATGG,Rubus chingii,Rubus chingii,NA
CGACAATCCTGAGCCAAATCCCGTTTTATGAAAACAAACAAGGTTTTCAGAAAGCGAGAATAAATAAAGGATAGGTGCAGAGACTCAATGG,Rubus crataegifolius,Rubus crataegifolius,NA
GGGCAATCCTGAGCCAAATCCCGTTTTATGAAAACAAACAAGCGTTTCAGAAAGCGAGAATAAATCAGGGATAGGTGCAGAGACTCAATGG,Rubus crataegifolius,Rubus crataegifolius,NA
GGGCATTCCTGAGCCAAATCCCGTTTTATGAAAACAAACAAGGGTTTCAGAAAGCGAGAATAAATAAAGGATAGGTGCAGAGACTCAATGG,Rubus crataegifolius,Rubus crataegifolius,NA
GGGCAATCCTGAGCCAAATCCCGTTTTATGAAAACAAACAAAGGTTTCAGAAAGCGAGAATAAATAAAGGATAGGTGCAGAGACTCAATGG,Rubus occidentalis,Rubus occidentalis,black raspberry
GCAATCCTGAGCCAAATCCCGTTTTATGAAAACAAACAAGGTTTTCAGAAAGCGAGAATAAATAAAGGATAGGTGCAGAGACTCAATGG,Rubus palmatus,Rubus palmatus,NA
GGGCAATCCTGAGCCAAATCCCGTTTTATGAAAACAAACAAGGGTTTTAGAAAGCGAGAATAAATAAAGGATAGGTGCAGAGACTCAATGG,Rubus setchuenensis,Rubus setchuenensis,NA
GGGTAATCCTGAGCCAAATCCTCTTCTCTTTTCCAAGAACAAACAGGGGTTCAGAAAGCGAAAAAGGGGGATAGGTGCAGAGACTCAATGG,Rutaceae,"Aegle marmelos, Citrus aurantiifolia, Citrus aurantium, Citrus latifolia, Citrus limon, Citrus limon var. pompia, Citrus maxima, Citrus reticulata, Citrus sinensis, Citrus x paradisi","bael, key lime, NA, persian lime, lemon, NA, pomelo, mandarin orange, sweet orange, grapefruit"
GGGTAATCCTGAGCCAAATCCTCTTCTCTTTTCCAAGAACAAACAGGGGTTCAGAAAGCGAAAAAGGGGATAGGTGCAGAGACTCAATGG,Rutaceae,"Aegle marmelos, Citrus reticulata","bael, mandarin orange"
GGGCAATCCTGAGCCAAATCCCCTTTTTTGAAAAAACAAGTGGTTCTCAAACTAGAACCCAAAGGAAAAGGATAGGTGCAGAGACTCAATGG,Saccharum officinarum,Saccharum officinarum,sugarcane
GGGCAATCCTGAGCCAAATCCTTTTTTCTCAAACAAAACAAAGGTTCAAAAAACGAAAAACAAGGGATAGGTGCAGAGACTCAATGG,Salvia hispanica,Salvia hispanica,chia seed
GGGCAATCCTGAGCCAAATCCTGTTTTCTCAAAAAAAAGGATAGGTGCAGAGACTCAATGG,Salvia officinalis,Salvia officinalis,sage
GGGCAATCCTGAGCCAAATCCTGTTTTCTCAAAACAAAGGTTCAAAAAACGAAAAAAAAAAAAGGATAGGTGCAGAGACTCAATGG,Salvia officinalis,Salvia officinalis,sage
GGGCAATCCTGAGCCAAATCCTGTTTTCTCAAAACAAAGGTTCAAAAAACGAAAAAAAAAAAGGATAGGTGCAGAGACTCAATGG,Salvia officinalis,Salvia officinalis,sage
GGGCAATCCTGAGCCAAATCCCGTTTTATGAAAACAAAACAAACAGGGGTTCAGAAAGTGAGAAAAGGGATAGGTGCAGAGACTCAATGG,Sapindaceae,"Blighia sapida, Dimocarpus longan","akee, longan"
GGGCAATCCTGAGCCAAATCCTGTTTTCGAAAATAAACAAAGATTCAGAAAGCGAAAATAAAAAAAGGATAGGTGCAGAGACTCAATGG,Sapotaceae,"Argania spinosa, Synsepalum dulcificum","argan tree, miracle berry"
GGGCAATCCTGAGCCAAATCCTATTTTATGAGAACAAAAACAAACAAGGGGTCATAACGGGAGAAAAAGGATAGGTGCAGAGACTCAATGG,Schinus molle,Schinus molle,pink peppercorn
GGGCAATCCTGAGCCAAATCCTGTTTTCCGAAAACAAAGAACAAAGAAGAGTTCAGAAAGCGAGAATAAAAAATCAAAGGATAGGTGCAGAGACTCAATGG,Scorodophloeus zenkeri,Scorodophloeus zenkeri,"garlic tree, divida"
GGGCAATCCTGAGCCAAATCCTGTTTTCCGAAAACAAAGTTAACAAAGAAGAGTTCAGAAAGCGAGAATAAAAAATCAAAAGGATAGGTGCAGAGACTCAATGG,Scorodophloeus zenkeri,Scorodophloeus zenkeri,"garlic tree, divida"
GGGCCATCCTGAGCCAAATCCGTGTTTTGAAAAAACAAGGGGTTTTCGAAATAGAAAACAAAAGAAAAGGATAGGTGCAGAGAATCAAAGG,Secale cereale subsp. vavilovii,Secale cereale subsp. vavilovii,NA
GGGCAATCCTGAGCCAACTCCTTTCAAAAAAAAAAAAGCAAAAAATAAGGGTTCAGAAAGCAAGAATAAAAGAAAAGGAAAGGTGCAGAGACTCAAAGG,Selenicereus undatus,Selenicereus undatus,NA
GGGCAATCCTGAGCCAAATCCTGTTTTCCAAAAACCAAGAAGAGTTCAGAAAGGGAGAATAAAATAAAAAAAGGATAGGTGCAGAGACTCAACGG,Senegalia senegal,Senegalia senegal,NA
GGGCAATCCTGAGCCAAATCCTGTTTTCCAAAAACCAAGAAGAGTTCCGAAAGGGAGAATAAAATAAAAAAAGGATAGGTGCAGAGACTCAACGG,Senegalia senegal,"Senegalia senegal, Senegalia senegal var. leiorachis, Senegalia senegal var. rostrata","NA, NA, NA"
GGGCAATCCTGAGCCAAATCCTGTTTTCTCAAAACAAAGGTTCGGAAAACGAAAAAAAAGGATAGGTGCAGAGACTCAATGG,Sesamum indicum,Sesamum indicum,sesame
GGGCAATCCTGAGCCAAATCCTTTTTCCGAAAACAAAAAAAAAGGGGTAGGTGCAGAGACTCAATGG,Sicyos edulis,"Sechium edule, Sicyos edulis","chayote, NA"
GGGCAATCCTGAGCCAAATCCTGTTTTCTGAAAACAAACAAAGGTTCAGAAAAAAAGGATAGGTGCAGAGACTCAATGG,Solanaceae,"Lycium barbarum, Lycium barbarum var. auranticarpum, Lycium chinense, Physalis angulata, Physalis philadelphica, Solanum americanum, Solanum betaceum, Solanum nigrum, Solanum tuberosum, Solanum tuberosum subsp. andigenum","goji berry, NA, goji berry, cutleaf groundcherry, tomatillo, nightshade, NA, blackberry nightshade, potato, NA"
GGGCAATCCTGAGCCAAATCCTGTTTTCTCAAAACAAACAAAGGTTCAGAAAAAAAGGATAGGTGCAGAGACTCAATGG,Solanum,"Solanum aethiopicum, Solanum anguivi, Solanum macrocarpon, Solanum melongena","bitter tomato, african eggplant, african eggplant, forest bitterberry, african eggplant, vietnamese eggplant, eggplant"
GGGCAATCCTGAGCCAAATCCTGTTTTCGAAAACAAACAAAGGTTCAGAAAAAAAGGATAGGTGCAGAGACTCAATGG,Solanum betaceum,Solanum betaceum,NA
GGGCAATCCTGAGCCAAATCATGTTTTCTAAAAACAAACAACGGCTCAAAAAAAATGATAGGTGCAGAGACTCAATGA,Solanum lycopersicum,Solanum lycopersicum,tomato
GGGCAATCCTGAGCCAAATTTTGTTTTCTGAAAACAAACAAAGGTTCAGAAAAAAAGGATAGGTGCAGAGACTCAATGG,Solanum lycopersicum,Solanum lycopersicum,tomato
GGGCAATCCTGAGCCAAATCCTGTTTTCTGAAAACAAACCAAGGTTCAGAAAAAAAGGATAGGTGCAGAGACTCAATGG,Solanum lycopersicum,"Solanum lycopersicum, Solanum lycopersicum var. cerasiforme","tomato, NA"
GGGCAATCCTGAGCCAAATCCTGTTTTCAGAAAACAAACAAAGGTTCAGAAAAAAAGGATAGGTGCAGAGACTCAATGG,Solanum quitoense,Solanum quitoense,naranjilla
GGGCAATCCTGAGCCAAATCCACTTTTTTCAAAAAAGTGGTTCTCAAACTAGAACCCAAAGGAAAAGGATAGGTGCAGAGACTCAATGG,Sorghum bicolor,Sorghum bicolor,sorghum
GGGCAATCCTGAGCCAACTCCTTTTTTCAAAAGCAAGAATAAAAAAAAAGGATAGGTGCAGAGACTCAAAGG,Spinacia,"Spinacia oleracea, Spinacia tetrandra","spinach, spinach"
GGGCAATCCTGAGCCAACTCCTTTTTTCAAAAGCAAGAATAAAAAAAAAAGGATAGGTGCAGAGACTCAAAGG,Spinacia tetrandra,Spinacia tetrandra,spinach
GGGCAATCCTGAGCCAAATCCTGTTTTACGAAATAAATAAGGGTTCAGAACGCGAGAAAAAGGATAGGTGCAGAGACTCAATGG,Spondias dulcis,Spondias dulcis,ambarella
GGGCAATCCTGAGCCAAATCCTGTTTTACGAGAATAAATAAGGGTTCAGAACGCGAGAAAAAGGATAGGTGCAGAGACTCAATGG,Spondias dulcis,Spondias dulcis,ambarella
GGGCGATCCTGATCCAAATCCTGTTTTTTCAAAACAAAGGTTCAAAAAACCAAATAAAGGATAGGTGCAGAGACTCAACGG,Stachys affinis,Stachys affinis,"Chinese artichoke, crosne"
GGGCAATCCTGAGCCAAATCCTATTTTCCACAAACAAAGGTTCAGAAAACGAAAACAAGGATAGGTGCAGAGACTCGACGG,Streptophyta,"Amalocalyx microlobus, Sesamum indicum","mak sim, sesame"
GGGCAATCCTGAGCCAAATCACGTTTTCCGAAAACAAACAAAGGTTCAGAAAGCGAAAATCAAAAAGGATAGGTGCAGAGACTCGATGG,Streptophyta,"Cichorium intybus, Elaeis guineensis, Taraxacum officinale, Tragopogon porrifolius, Tragopogon porrifolius subsp. australis, Tragopogon porrifolius subsp. longirostris","chicory, oil palm, dandelion, salsify, NA, NA"
GGGCAATCCTGAGCCAAATCCTGTTTTACGAAAACCAACAAAACAATAAGGGTTCATAAAGCGAGAATAAAAAAAGGGTAGGATAGGTGCAGAGACTCAATGG,Syzygium aromaticum,Syzygium aromaticum,clove
GGGCAATCCTGAGCCAAATCCTGTTTTCCGAAAACAAAGAACAAAGAAAAAGAAGAGTTTAGAAAGCGAGAATAAAAAATCAAAGGATAGGTGCAGAGACTCAATGG,Tamarindus indica,Tamarindus indica,tamarind
GGGCAATCCTGAGCCAAATCACGTTTTCCGAAAACAAACAAAGGTTCAGAAAGCGAAAATAAAAAAGGATAGGTCCAGAGACTCGATGG,Taraxacum officinale,Taraxacum officinale,dandelion
GGGCAATCCTGAGCCAAATCCTATTATTTTATTATTTTACGAAACTAAACAAAGGTTCAGCAAGCGAGAATAATAAAAAAAGGATAGGTGCAGAGACTCAATGG,Theobroma cacao,Theobroma cacao,cocoa bean
GGGCAATCCTGAGCCAAATCCTTCTTTCCGAAAACAAATAAAAGTTCAGAAAGTTAAAATAAAAAAAGGATAGGTGCAGAGACTCAATGG,Trifolium aureum,Trifolium aureum,NA
GGGCAATCCTGAGCCAAATCCTTCTTTCCGAAAACAAAATAAAAGTTCAGAAAGTTAAAATAAAAAAGGGATAGGTGCAGAGACTCGATGG,Trifolium repens,Trifolium repens,NA
GGGCAATCCTGAGCCAAATCCTTCTTTCCGAAAATAAAAAAATAAAAGTTCAGAAAGTTAAAATCAAAAAAGGATAGGTGCAGAGACTCAACGG,Trigonella foenum-graecum,Trigonella foenum-graecum,fenugreek
GGGCAATCCTGAGCCAAATCCGTGTTTTGAGAAACAAGGGGTTCTCGAACTAGAATACAAAGGAAAAGGATAGGTGCAGAGACTCAATGG,Triticum aestivum,Triticum aestivum,bread wheat
GGGCAATCCTGAGCCAAATCCTTTTTTTTGGCAAACAAATAAAGATTCCGAAAGAAAAAGGGATAGGTGCAGAGACTCAATGG,Vaccinium,"Vaccinium pallidum, Vaccinium vitis-idaea","dryland blueberry, lingonberry"
GGGCAATCCTGAGCCAAATCCTTTTTTTTTGGCAAACCAATAAAGATTCCGAAAGAAATAAGGGATAGGTGCAGAGACTCAATGG,Vaccinium microcarpum,Vaccinium microcarpum,cranberry
GGGCAATCCTGAGCCAAATCCTTTTTTTTTTGGCAAACAAATAAAGATTCCGAAAGAAAAAAGGGATAGGTGCAGAGACTCAATGG,Vaccinium myrtillus,Vaccinium myrtillus,european blueberry
GGGCAATCCTGAGCCAAATCCTTTTTTTTTTTGGCAAACAAATAAAGATTCCGAAAGAAAAAGGGATAGGGGCAGAGACTCAATGG,Vaccinium myrtillus,Vaccinium myrtillus,european blueberry
GGGCAATCCTGAGCCAAATCCTTTTTTTTTTTGGCAAACAAATAAAGATTCCGAAAGAAAAAGGGATAGGTGCAGAGACTCAATGG,Vaccinium myrtillus,Vaccinium myrtillus,european blueberry
GGGCAATCCTGAGCCAAATCCTTTTTTTGGCAAACAAATAAAGATTCCGAAAGAAAAAGGGATAGGTGCAGAGACTCAATGG,Vaccinium uliginosum,Vaccinium uliginosum,NA
GGGCAATCCTGAGCCAAATCCCTTTTTTTTTGGCAAACAAATAAAGATTCCGAAAGAAAAAAAAAGGGATAGGTGCAGAGACTCAATGG,Vaccinium vitis-idaea,Vaccinium vitis-idaea,lingonberry
GGGCAATCCTGAGCCAAATCCTCTTTTTTTTGGCAAACAAATAAAGATTCCGAAAGAAAAAGGGATAGGTGCAGAGACTCAATGG,Vaccinium vitis-idaea,Vaccinium vitis-idaea,lingonberry
GGGCAATCCTGAGCCAAATCCTTCTTTTTTTGGCAAACAAATAAAGATTCCGAAAGAAAAAGGGATAGGTGCAGAGACTCAATGG,Vaccinium vitis-idaea,Vaccinium vitis-idaea,lingonberry
GGGCAATCCTGAGCCAAATCCTTTTTCTTTTGGCAAACAAATAAAGATTCCGAAAGAAAAGGGGATAGGTGCAGAGACTCAATGG,Vaccinium vitis-idaea,Vaccinium vitis-idaea,lingonberry
GGGCAATCCTGAGCCAAATCCTTTTTTTGGCAAACAAATAAAGATTCCGAAAGAAAAAAAGGGATAGGTGCAGAGACTCAATGG,Vaccinium vitis-idaea,Vaccinium vitis-idaea,lingonberry
GGGCAATCCTGAGCCAAATCCTTTTTTTTCTGGCAAACAAATAAAGATTCCGAAAGAAAAAAGGGATAGGTGCAGAGACTCAATGG,Vaccinium vitis-idaea,Vaccinium vitis-idaea,lingonberry
GGGCAATCCTGAGCCAAATCCTTTTTTTTGCAAACAAATAAAGATTCCGAAAGAAAAAAAGGGATAGGTGCAGAGACTCAATGG,Vaccinium vitis-idaea,Vaccinium vitis-idaea,lingonberry
GGGCAATCCTGAGCCAAATCCTTTTTTTTGGCAAACAAATAAAGATTCCGAAAGAAAAAAAAGGGATAGGTGCAGAGACTCAATGG,Vaccinium vitis-idaea,Vaccinium vitis-idaea,lingonberry
GGGCAATCCTGAGCCAAATCCTTTTTTTTGGCAAACAAATAAAGATTCCGAAAGAAAAAAAGGGATAGGTGCAGAGACTCAATGG,Vaccinium vitis-idaea,Vaccinium vitis-idaea,lingonberry
GGGCAATCCTGAGCCAAATCCTTTTTTTTGGCAAACAAATAAAGATTCCGAAAGAAAAAAGAGGGATAGGTGCAGAGACTCAATGG,Vaccinium vitis-idaea,Vaccinium vitis-idaea,lingonberry
GGGCAATCCTGAGCCAAATCCTTTTTTTTGGCAAACAAATAAAGATTCCGAAAGAAAAAAGGGATAGGTGCAGAGACTCAATGG,Vaccinium vitis-idaea,Vaccinium vitis-idaea,lingonberry
GGGCAATCCTGAGCCAAATCCTTTTTTTTTTGGCAAACAAATAAAGATTCCGAAAGAAAAAAAAAGGGATAGGTGCAGAGACTCAATGG,Vaccinium vitis-idaea,Vaccinium vitis-idaea,lingonberry
GGGCAATCCTGAGTCAAATCCTTTTTTTTGGCAAACAAATAAAGATTCCGAAAGAAAAAAAAGGGATAGGTGCAGAGACTCAATGG,Vaccinium vitis-idaea,Vaccinium vitis-idaea,lingonberry
TGGCAATCCTGAGCCAAATCCTTTTTTTTGGCAAACAAATAAAGATTCCGAAAGAAAAAAGGGATAGGTGCAGAGACTCAATGG,Vaccinium vitis-idaea,Vaccinium vitis-idaea,lingonberry
GGGCAATCCTGAGCCAAATCTTTTTTTTTTCATAAATTGAAGAAATTCAAAAAGAAAAAAATAAATAAATAGGGGATAGGTGCAAAAACTCAACGG,Vanilla planifolia,Vanilla planifolia,vanilla
GGGCAATCCTGAGCCAAATCTTTTTTTTTTCATAAATTTCAGAGATTAATAAATAAATAAATAAATAAGGGATAGGTGCAGAGACTCAACGG,Vanilla planifolia,Vanilla planifolia,vanilla
GGGCAATCCTGAGCCAAATCCTTCTTTCCGAAAACAAAAAACTAAAAGTTCAGAAAAAAAGGATAGGTGCAGAGACTCAATGG,Vicia faba,"Vicia faba, Vicia faba var. major, Vicia faba var. minor","fava bean, broad bean, NA, NA"
GGGCAATCCTGAGCCAAATCCTGTTTTCTGAAAACAAAGAAAAATTAAGAAAGTTATAATAAAAAAGGGATAGGTGCAGAGACTCTATGG,Vigna,"Vigna radiata, Vigna radiata var. radiata, Vigna radiata var. sublobata, Vigna unguiculata","mung bean, NA, NA, cowpea"
GGGCAATCCTGAGCCAAATCCTTTTTTCTGAAAACAAAGAAAAATTCAGAAAGTTATAATAAAAAAGGGATAGGTGCAGAGACTCTATGG,Vigna angularis,"Vigna angularis, Vigna angularis var. angularis, Vigna angularis var. nipponensis","adzuki bean, NA, NA"
GGGCAATCCTGAGCCAAATCCTGTTTGTTTTCAGAAAACAAAGAAAAATGAAGAAAGTGATAAAAAAAAGGGATAGGTGCAGAGACTCTATGG,Vigna subterranea,Vigna subterranea,bambara groundnut
GGGCAATCCTGAGCCAAATCCTGTTTTCTGAAAACAAATAAAAATTCAGAAAGTGATAATAAAAAAGGGATAGGTGCAGAGACTCTATGG,Vigna unguiculata,"Vigna unguiculata, Vigna unguiculata subsp. sesquipedalis, Vigna unguiculata subsp. unguiculata","cowpea, long bean, asparagus bean, NA"
GGGCAATCCTGAGCCAAATCCTGTTTTCCGAAAACAACCAAGGGTTCAGAAAACGATAATAAAAAAAGGATAGGTGCAGAGACTCAATGG,Vitis,"Vitis rotundifolia, Vitis vinifera, Vitis vinifera subsp. caucasica, Vitis vinifera subsp. sylvestris","muscadine grape, common grape vine, NA, NA"
GGGCAATCCTGAGCCAAATCCTGTTTTCCGAAAACAACCAAGGGTTCAGAAAACGATAATAAAAAGGATAGGTGCAGAGACTCAATGG,Vitis rotundifolia,Vitis rotundifolia,muscadine grape
GGGCAATCCTGAGCCAAATCCTGTTTTCCGAAAACAACCAAGGGTTCAGAAAACGATAATAAAAAAAAGGATAGGTGCAGAGACTCAATGG,Vitis rotundifolia,"Vitis rotundifolia, Vitis rotundifolia var. munsoniana","muscadine grape, NA"
GGGCAATCGTGAGCCAAATCCTGTTTTCCGAAAACAACCAAGGGTTCAGAAAACGATAATAAAAAAAGGATAGGTGCAGAGACTCAATGG,Vitis vinifera,Vitis vinifera,common grape vine
TGGCAATCCTGAGCCAAATCCTGTTTTCCGAAAACAACCAAGGGTTCAGAAAACGATAATAAAAAAAGGATAGGTGCAGAGACTCAATGG,Vitis vinifera,Vitis vinifera,common grape vine
GGGCAATCCTGAGCCAAATCCTTGTTTTGAGAAAAAGGATAGGTGCAGAGACTCAACGG,Xanthosoma violaceum,Xanthosoma violaceum,NA
GGGCAATCCTGAGCCAAATCCTGTGTTCAGAAAACAAGGTTCAGAAAGCGAGAATCAAAAAAAGGATAGGTGCAGAGACTCAACGG,Xylopia africana,Xylopia africana,NA
GGGCAATCCTGAGCCAAATCCAGTTTACAGAGGCAATAGTTTCCTTTACTAGGAAGGAAAGGGATAGGTGCAGAGACTCAATGG,Zamia integrifolia,Zamia integrifolia,arrowroot
GGGCAATCCTGAGCCAAATCCCTTTTTTGAAAAACAAGTGGTTCTCAAACTAGAACCCAAAGGAAAAGGATAGGTGCAGAGACTCAATGG,Zea mays,Zea mays,corn
GGGCAATCCTGAGCCAAATCCTTAGTTTTATCAAACTAGAATAAAAAAAAGGATAGGTGCAGAGACTCAATGG,Zingiber officinale,Zingiber officinale,ginger
GGGCAATCCTGAGCCAAATCCTGTTTTCTGAAAACAAACAAGGATTCAGAAAGTGATAATAAAAAAGGATAGGTGCAGAGACTCAATGG,Ziziphus jujuba,Ziziphus jujuba,"jujube, red date"
GGGCAATCCTGAGCCAAATCCTGTTTTCTGAAAGATTCAGAAAGTGATAATAAAAAAGGATAGGTGCAGAGACTCAATGG,Ziziphus jujuba,Ziziphus jujuba,"jujube, red date"