accession,taxid,species_name,common_name,ref
MW886215.1,9606,Homo sapiens,human,TTAGCCCTAAACCTCAACAGTTAAATCAACAAAACTGCTCGCCAGAACACTACGAGCCACAGCTTAAAACTCAAAGGACCTGGCGGTGCTTCATATCCCT
MN714218.1,9913,Bos taurus,cow,TTAGCCCTAAACACAGATAATTACATAAACAAAATTATTCGCCAGAGTACTACTAGCAACAGCTTAAAACTCAAAGGACTTGGCGGTGCTTTATATCCTT
MT800504.1,9031,Gallus gallus,chicken,CTAGCCCTAAATCTAGATACCTCCCATCACACATGTATCCGCCTGAGAACTACGAGCACAAACGCTTAAAACTCTAAGGACTTGGCGGTGCCCCAAACCCAC
JF275060.1,9103,Meleagris gallopavo,turkey,CTGGCCCTAAATCTTGATACTAATATACTCACGTATCCGCCTGAGAACTACGAGCACAAACGCTTAAAACTCTAAGGACTTGGCGGTGCCCTAAACCCAC
MH603005.1,9823,Sus scrofa,pig,CTAGCCCTAAACCCAAATAGTTACATAACAAAACTATTCGCCAGAGTACTACTCGCAACTGCCTAAAACTCAAAGGACTTGGCGGTGCTTCACATCCAC
GU947006.1,9901,Bison bison,bison,TTAGCCCTAAACACAGATAATTACATAAACAAAATTATTTGCCAGAGTACTACCAGCAACAGCTTAAAACTCAAAGGACTTGGCGGTGCTTTATATCCTT
LC050735.1,8022,Oncorhynchus mykiss,rainbow trout,CTAGCCGTAAACCTTGATAGAAATATACAATTGATATCCGCCAGGGAACTACAAGCGCCAGCTTAAAACCCAAAGGACTTGGCGGTGCCTCAGACCCAC
MG924482.1,490388,Oncorhynchus clarkii lewisi,westslope cutthroat trout,CTAGCCGTAAACCTTGATAGAAATATACAATTGATATCCGCCAGGGAACTACAAGCGCCAGCTTAAAACCCAAAGGACTTGGCGGTGCCTCAGACCCAC
KP013117.1,453929,Oncorhynchus clarkii stomias,greenback cutthroat trout,CTAGCCGTAAACCTTGATAGAAATATACAATTGATATCCGCCAGGGAACTACAAGCGCCAGCTTAAAACCCAAAGGACTTGGCGGTGCCTCAGACCCAC
MW300344.1,335690,Oncorhynchus clarkii virginalis,rio grande cutthroat trout,CTAGCCGTAAACCTTGATAGAAATATACAATTGATATCCGCCAGGGAACTACAAGCGCCAGCTTAAAACCCAAAGGACTTGGCGGTGCCTCAGACCCAC
LC381909.1,90313,Oncorhynchus masou masou,cherry salmon,CTAGCCGTAAACCTTGATAGAAATATACAATTGATATCCGCCAGGGAACTACAAGCGCCAGCTTAAAACCCAAAGGACTTGGCGGTGCCTCAGACCCAC
LC012541.1,8030,Salmo salar,salmon,CTAGCCGTAAACTTTGATGGAAACATACAACTGACATCCGCCAGGGGACTATAAGCGCCAGCTTAAAACCCAAAGGACTTGGCGGTGCCTCAGACCCAC
GU370126.1,8128,Oreochromis niloticus,nile tilapia,CCAGCCCTAAACTTTGATAGCCCACTACACCCGCTATCCGCCCGGGTACTACGAGCACTAGCTTAAAACCCAAAGGACTTGGCGGTGCTTTAGATCCAC
AY597335.1,8127,Oreochromis mossambicus,mozambique tilapia,CCAGCCCTAAACTTTGATAGCCCACTACACCCGCTATCCGCCCGGGTACTACGAGCACTAGCTTAAAACCCAAAGGACTTGGCGGTGCTTTAGATCCAC
GU370125.1,47969,Oreochromis aureus,blue tilapia,CCAGCCCTAAACTTTGATAGCCCACTACACCCGCTATCCGCCCGGGTACTACGAGCACTAGCTTAAAACCCAAAGGACTTGGCGGTGCTTTAGATCCAC
MH229952.1,9925,Capra hircus,goat,TTAGCCCTAAACACAAATAATTACAGAAACAAAATTATTCGCCAGAGTACTACCGGCAACAGCCCGAAACTCAAAGGACTTGGCGGTGCTTTATACCCTT
MN122852.1,8049,Gadus morhua,atlantic cod,ATGGTCGTTAACATTGATGGTTTTATACCCAAACCATCCGCCTGGGAACTACGAGCAATAGCTTAAAACCCAAAGGACTTGGCGGTGCTTTAGACCCCC
MH035604.1,"1042646	",Gadus chalcogrammus,alaska pollock,ATGGTCGTTAACATTGATGGTTTTATACCCAAACCATCCGCCTGGGAACTACGAGCAATAGCTTAAAACCCAAAGGACTTGGCGGTGCTTTAGACCCCC
KT896534.1,"141886	",Paralichthys lethostigma,southern flounder,TTAGCCCTAAACATCGATTGTACAGTACATTCAACATCCGCCTGGGGATTACGAACATTAGTTTAAAACCCAAAGGACTTGGCGGTGCTTAACATCCAC
MH003640.1,8019,Oncorhynchus kisutch,coho salmon,CTAGCCGTAAACTTTGATAGAAATATACAATTGATATCCGCCAGGGAACTACAAGCGCCAGCTTAAAACCCAAAGGACTTGGCGGTGCCTCAGACCCAC
AY949425.1,153620,Epinephelus morio,red grouper,GTGGATCTAAAGCACCGCCAAGTCCTTTGGGTTTTAAGCTATTGCTCGTAGTTTCCAGGCGGATAGTTATTGTGTTAAGCTATCAATGTTTAGGGCGAA
KF719178.1,34814,Coryphaena hippurus,mahi mahi,TTAGCCCTAAACATTGACTGTTTATTACATAAACATCCGCCTGGGAACTACGAACATTAGTTTAAAACCCAAAGGACTTGGCGGTGCTTAATATCCAC